GO_ID,GO_term,GeneRatio,BgRatio,EnrichmentRatio,pvalue,p.adjust,qvalue,Count,unique_genes,unique_CpGs,gene_symbols,CpGs,CpG_gene_pairs,CpG_to_gene_strategy,GO_background,CpG_set,Factor_note
GO:0007015,actin filament organization,32/501,448/18842,2.686341602509267,4.447598098787312e-7,0.0026151876820869396,0.0026151876820869396,32,32,41,ARHGAP25;CCL24;CORO2B;CORO7;CX3CL1;DNM2;EFHD2;ELMO2;ELMO3;EPHA1;EPS8;F11R;FLII;FMN1;GAS2;HCK;LIMA1;LIMK1;MICALL2;MYO5C;NF2;RAC1;SH3BP4;SHROOM3;SMAD3;SRC;SVIL;SWAP70;SYNPO;TGFBR1;TMOD3;TPM4,cg00061185;cg00774600;cg01019547;cg01423643;cg01784548;cg02759751;cg02807227;cg03749547;cg05385805;cg06399901;cg07121438;cg08917058;cg09065575;cg09181437;cg09287650;cg09831373;cg10023915;cg10231182;cg10583473;cg11767737;cg16173140;cg16934124;cg17281406;cg17315454;cg17679980;cg19679123;cg19757422;cg20149780;cg20427865;cg21567548;cg21658153;cg22170599;cg22687039;cg23250405;cg23729407;cg23731272;cg23969269;cg25754195;cg25982561;cg26771272;cg27174787,cg00061185:LIMA1;cg00774600:TGFBR1;cg01019547:ELMO2;cg01423643:F11R;cg01784548:RAC1;cg02759751:MICALL2;cg02807227:SH3BP4;cg03749547:CORO7;cg05385805:EPHA1;cg06399901:LIMA1;cg07121438:HCK;cg08917058:TPM4;cg09065575:TMOD3;cg09181437:HCK;cg09287650:SVIL;cg09831373:NF2;cg10023915:SWAP70;cg10231182:EPS8;cg10583473:MICALL2;cg11767737:CORO2B;cg16173140:FMN1;cg16934124:DNM2;cg17281406:LIMK1;cg17315454:CCL24;cg17679980:GAS2;cg19679123:SMAD3;cg19757422:SRC;cg20149780:EFHD2;cg20427865:CX3CL1;cg21567548:ELMO3;cg21658153:TPM4;cg22170599:F11R;cg22687039:MYO5C;cg23250405:SHROOM3;cg23729407:SH3BP4;cg23731272:SMAD3;cg23969269:SYNPO;cg25754195:ARHGAP25;cg25982561:GAS2;cg26771272:FLII;cg27174787:TPM4,CpGs were mapped to genes using UCSC_RefGene_Name from IlluminaHumanMethylationEPICanno.ilm10b4.hg19; one CpG may map to multiple genes.,Default clusterProfiler::enrichGO background used in the current analysis.,Top 1000 CpGs from the SOLAR supervised importance ranking.,SOLAR supervised importance scores aggregate contributions across the inferred latent factors.
GO:0032233,positive regulation of actin filament bundle assembly,10/501,61/18842,6.1653741696934,4.314320242506171e-6,0.00590722405104087,0.00590722405104087,10,10,12,CX3CL1;EPHA1;LIMA1;LIMK1;NF2;RAC1;SMAD3;SWAP70;SYNPO;TGFBR1,cg00061185;cg00774600;cg01784548;cg05385805;cg06399901;cg09831373;cg10023915;cg17281406;cg19679123;cg20427865;cg23731272;cg23969269,cg00061185:LIMA1;cg00774600:TGFBR1;cg01784548:RAC1;cg05385805:EPHA1;cg06399901:LIMA1;cg09831373:NF2;cg10023915:SWAP70;cg17281406:LIMK1;cg19679123:SMAD3;cg20427865:CX3CL1;cg23731272:SMAD3;cg23969269:SYNPO,CpGs were mapped to genes using UCSC_RefGene_Name from IlluminaHumanMethylationEPICanno.ilm10b4.hg19; one CpG may map to multiple genes.,Default clusterProfiler::enrichGO background used in the current analysis.,Top 1000 CpGs from the SOLAR supervised importance ranking.,SOLAR supervised importance scores aggregate contributions across the inferred latent factors.
GO:0043297,apical junction assembly,10/501,62/18842,6.065932650827378,5.023149703266046e-6,0.00590722405104087,0.00590722405104087,10,10,14,CTNNA1;ECT2;F11R;MICALL2;PECAM1;PKN2;PRKCH;RAC1;TBCD;VCL,cg00755791;cg01423643;cg01771850;cg01784548;cg02759751;cg04126662;cg06022562;cg10583473;cg13416893;cg20194367;cg22170599;cg24789365;cg25357598;cg26015374,cg00755791:VCL;cg01423643:F11R;cg01771850:TBCD;cg01784548:RAC1;cg02759751:MICALL2;cg04126662:PECAM1;cg06022562:TBCD;cg10583473:MICALL2;cg13416893:TBCD;cg20194367:PRKCH;cg22170599:F11R;cg24789365:PKN2;cg25357598:ECT2;cg26015374:CTNNA1,CpGs were mapped to genes using UCSC_RefGene_Name from IlluminaHumanMethylationEPICanno.ilm10b4.hg19; one CpG may map to multiple genes.,Default clusterProfiler::enrichGO background used in the current analysis.,Top 1000 CpGs from the SOLAR supervised importance ranking.,SOLAR supervised importance scores aggregate contributions across the inferred latent factors.
GO:0051552,flavone metabolic process,5/501,10/18842,18.80439121756487,2.9401537644889453e-6,0.00590722405104087,0.00590722405104087,5,5,1,UGT1A10;UGT1A6;UGT1A7;UGT1A8;UGT1A9,cg18820295,cg18820295:UGT1A10;cg18820295:UGT1A6;cg18820295:UGT1A7;cg18820295:UGT1A8;cg18820295:UGT1A9,CpGs were mapped to genes using UCSC_RefGene_Name from IlluminaHumanMethylationEPICanno.ilm10b4.hg19; one CpG may map to multiple genes.,Default clusterProfiler::enrichGO background used in the current analysis.,Top 1000 CpGs from the SOLAR supervised importance ranking.,SOLAR supervised importance scores aggregate contributions across the inferred latent factors.
GO:0071384,cellular response to corticosteroid stimulus,10/501,60/18842,6.268130405854957,3.693850974760099e-6,0.00590722405104087,0.00590722405104087,10,10,7,HCN2;SCNN1A;SSTR5;UBE2L3;UGT1A10;UGT1A6;UGT1A7;UGT1A8;UGT1A9;ZFP36L1,cg06422039;cg06617636;cg09042884;cg10628201;cg11785537;cg18820295;cg19043450,cg06422039:SSTR5;cg06617636:ZFP36L1;cg09042884:SCNN1A;cg10628201:UBE2L3;cg11785537:SCNN1A;cg18820295:UGT1A10;cg18820295:UGT1A6;cg18820295:UGT1A7;cg18820295:UGT1A8;cg18820295:UGT1A9;cg19043450:HCN2,CpGs were mapped to genes using UCSC_RefGene_Name from IlluminaHumanMethylationEPICanno.ilm10b4.hg19; one CpG may map to multiple genes.,Default clusterProfiler::enrichGO background used in the current analysis.,Top 1000 CpGs from the SOLAR supervised importance ranking.,SOLAR supervised importance scores aggregate contributions across the inferred latent factors.
GO:0014009,glial cell proliferation,8/501,41/18842,7.338299011732631,1.0427750017826728e-5,0.008939893914094357,0.008939893914094357,8,8,8,CHRM1;CX3CL1;E2F1;IL34;NF2;PRKCH;PRKCI;SKI,cg04272265;cg06289725;cg09831373;cg12580943;cg14471624;cg19593285;cg20194367;cg20427865,cg04272265:IL34;cg06289725:CHRM1;cg09831373:NF2;cg12580943:SKI;cg14471624:PRKCI;cg19593285:E2F1;cg20194367:PRKCH;cg20427865:CX3CL1,CpGs were mapped to genes using UCSC_RefGene_Name from IlluminaHumanMethylationEPICanno.ilm10b4.hg19; one CpG may map to multiple genes.,Default clusterProfiler::enrichGO background used in the current analysis.,Top 1000 CpGs from the SOLAR supervised importance ranking.,SOLAR supervised importance scores aggregate contributions across the inferred latent factors.
GO:0031589,cell-substrate adhesion,24/501,333/18842,2.710542878207549,1.064273085011233e-5,0.008939893914094357,0.008939893914094357,24,24,30,AJAP1;CDK6;CORO2B;CX3CL1;DDR1;DOCK5;EPHA1;ITGA9;ITGB2;LAMB1;LAMB3;MICALL2;MSLN;MSLNL;NF2;PKD1;RAC1;SKAP1;SMAD3;SNED1;SRC;TBCD;TIAM1;VCL,cg00582562;cg00755791;cg01580568;cg01771850;cg01784548;cg01874067;cg02485642;cg02759751;cg03270204;cg03360944;cg03494430;cg04130356;cg05385805;cg06022562;cg08666802;cg09831373;cg10583473;cg11767737;cg11865061;cg13416893;cg15605704;cg16123938;cg19679123;cg19757422;cg20427865;cg23731272;cg24168329;cg26058474;cg26348719;cg27103348,cg00582562:SKAP1;cg00755791:VCL;cg01580568:LAMB3;cg01771850:TBCD;cg01784548:RAC1;cg01874067:TIAM1;cg02485642:MSLNL;cg02759751:MICALL2;cg03270204:DDR1;cg03360944:CDK6;cg03494430:PKD1;cg04130356:MSLN;cg05385805:EPHA1;cg06022562:TBCD;cg08666802:ITGA9;cg09831373:NF2;cg10583473:MICALL2;cg11767737:CORO2B;cg11865061:MSLN;cg13416893:TBCD;cg15605704:AJAP1;cg16123938:LAMB1;cg19679123:SMAD3;cg19757422:SRC;cg20427865:CX3CL1;cg23731272:SMAD3;cg24168329:DOCK5;cg26058474:SNED1;cg26348719:MSLN;cg27103348:ITGB2,CpGs were mapped to genes using UCSC_RefGene_Name from IlluminaHumanMethylationEPICanno.ilm10b4.hg19; one CpG may map to multiple genes.,Default clusterProfiler::enrichGO background used in the current analysis.,Top 1000 CpGs from the SOLAR supervised importance ranking.,SOLAR supervised importance scores aggregate contributions across the inferred latent factors.
GO:0007160,cell-matrix adhesion,19/501,229/18842,3.120379328678887,1.2629933143606274e-5,0.009283000860550611,0.009283000860550611,19,19,22,AJAP1;CDK6;CORO2B;CX3CL1;DDR1;EPHA1;ITGA9;ITGB2;MSLN;MSLNL;NF2;PKD1;RAC1;SKAP1;SMAD3;SNED1;SRC;TIAM1;VCL,cg00582562;cg00755791;cg01784548;cg01874067;cg02485642;cg03270204;cg03360944;cg03494430;cg04130356;cg05385805;cg08666802;cg09831373;cg11767737;cg11865061;cg15605704;cg19679123;cg19757422;cg20427865;cg23731272;cg26058474;cg26348719;cg27103348,cg00582562:SKAP1;cg00755791:VCL;cg01784548:RAC1;cg01874067:TIAM1;cg02485642:MSLNL;cg03270204:DDR1;cg03360944:CDK6;cg03494430:PKD1;cg04130356:MSLN;cg05385805:EPHA1;cg08666802:ITGA9;cg09831373:NF2;cg11767737:CORO2B;cg11865061:MSLN;cg15605704:AJAP1;cg19679123:SMAD3;cg19757422:SRC;cg20427865:CX3CL1;cg23731272:SMAD3;cg26058474:SNED1;cg26348719:MSLN;cg27103348:ITGB2,CpGs were mapped to genes using UCSC_RefGene_Name from IlluminaHumanMethylationEPICanno.ilm10b4.hg19; one CpG may map to multiple genes.,Default clusterProfiler::enrichGO background used in the current analysis.,Top 1000 CpGs from the SOLAR supervised importance ranking.,SOLAR supervised importance scores aggregate contributions across the inferred latent factors.
GO:0007264,small GTPase-mediated signal transduction,30/501,490/18842,2.3025785164365145,2.1665094518641157e-5,0.011541135294563154,0.011541135294563154,30,30,36,ARHGAP25;ARHGEF16;ARHGEF3;DOCK5;DOCK9;ECT2;EPS8;ERBB2;F11R;GARNL3;IQSEC3;LIMK1;MICALL2;NISCH;OBSCN;PKP4;PSD3;RAB35;RAC1;RALGPS1;RASA3;RASGRP2;RIT1;SH2D3C;SH3BP4;SRC;STARD13;SWAP70;TIAM1;TNK2,cg01423643;cg01784548;cg01874067;cg02759751;cg02807227;cg03215416;cg03741874;cg04656889;cg05512684;cg05794117;cg10023915;cg10231182;cg10583473;cg10654948;cg12260519;cg12603173;cg13462547;cg13508369;cg15994418;cg17281406;cg17541290;cg19757422;cg19955173;cg20452287;cg22170599;cg23313665;cg23628437;cg23729407;cg24168329;cg24337215;cg24371534;cg25322698;cg25357598;cg25754195;cg26216760;cg27331292,cg01423643:F11R;cg01784548:RAC1;cg01874067:TIAM1;cg02759751:MICALL2;cg02807227:SH3BP4;cg03215416:PSD3;cg03741874:GARNL3;cg04656889:ERBB2;cg05512684:ERBB2;cg05794117:OBSCN;cg10023915:SWAP70;cg10231182:EPS8;cg10583473:MICALL2;cg10654948:STARD13;cg12260519:NISCH;cg12603173:RASGRP2;cg13462547:DOCK9;cg13508369:RALGPS1;cg15994418:RAB35;cg17281406:LIMK1;cg17541290:RASA3;cg19757422:SRC;cg19955173:TNK2;cg20452287:PKP4;cg22170599:F11R;cg23313665:SH2D3C;cg23628437:PSD3;cg23729407:SH3BP4;cg24168329:DOCK5;cg24337215:RIT1;cg24371534:ARHGEF16;cg25322698:ARHGEF3;cg25357598:ECT2;cg25754195:ARHGAP25;cg26216760:IQSEC3;cg27331292:SH2D3C,CpGs were mapped to genes using UCSC_RefGene_Name from IlluminaHumanMethylationEPICanno.ilm10b4.hg19; one CpG may map to multiple genes.,Default clusterProfiler::enrichGO background used in the current analysis.,Top 1000 CpGs from the SOLAR supervised importance ranking.,SOLAR supervised importance scores aggregate contributions across the inferred latent factors.
GO:0014855,striated muscle cell proliferation,9/501,58/18842,5.835845550278752,2.0673397439537227e-5,0.011541135294563154,0.011541135294563154,9,9,9,FGFR2;NRG1;PPARD;RUNX1;SKI;STAT3;TGFBR1;TP73;YAP1,cg00293331;cg00476906;cg00774600;cg01338459;cg01560665;cg08556511;cg12580943;cg18204017;cg20628743,cg00293331:FGFR2;cg00476906:STAT3;cg00774600:TGFBR1;cg01338459:NRG1;cg01560665:RUNX1;cg08556511:YAP1;cg12580943:SKI;cg18204017:PPARD;cg20628743:TP73,CpGs were mapped to genes using UCSC_RefGene_Name from IlluminaHumanMethylationEPICanno.ilm10b4.hg19; one CpG may map to multiple genes.,Default clusterProfiler::enrichGO background used in the current analysis.,Top 1000 CpGs from the SOLAR supervised importance ranking.,SOLAR supervised importance scores aggregate contributions across the inferred latent factors.
GO:0038128,ERBB2 signaling pathway,6/501,23/18842,9.81098672220776,2.355333733584317e-5,0.011541135294563154,0.011541135294563154,6,6,7,EGF;EGFR;ERBB2;NRG1;SRC;TGFA,cg00539654;cg01338459;cg04656889;cg05512684;cg10002850;cg19757422;cg24804622,cg00539654:EGF;cg01338459:NRG1;cg04656889:ERBB2;cg05512684:ERBB2;cg10002850:EGFR;cg19757422:SRC;cg24804622:TGFA,CpGs were mapped to genes using UCSC_RefGene_Name from IlluminaHumanMethylationEPICanno.ilm10b4.hg19; one CpG may map to multiple genes.,Default clusterProfiler::enrichGO background used in the current analysis.,Top 1000 CpGs from the SOLAR supervised importance ranking.,SOLAR supervised importance scores aggregate contributions across the inferred latent factors.
GO:0051017,actin filament bundle assembly,15/501,159/18842,3.547998342936768,2.3146937716236073e-5,0.011541135294563154,0.011541135294563154,15,15,18,CX3CL1;DNM2;EPHA1;EPS8;F11R;FMN1;LIMA1;LIMK1;NF2;RAC1;SMAD3;SRC;SWAP70;SYNPO;TGFBR1,cg00061185;cg00774600;cg01423643;cg01784548;cg05385805;cg06399901;cg09831373;cg10023915;cg10231182;cg16173140;cg16934124;cg17281406;cg19679123;cg19757422;cg20427865;cg22170599;cg23731272;cg23969269,cg00061185:LIMA1;cg00774600:TGFBR1;cg01423643:F11R;cg01784548:RAC1;cg05385805:EPHA1;cg06399901:LIMA1;cg09831373:NF2;cg10023915:SWAP70;cg10231182:EPS8;cg16173140:FMN1;cg16934124:DNM2;cg17281406:LIMK1;cg19679123:SMAD3;cg19757422:SRC;cg20427865:CX3CL1;cg22170599:F11R;cg23731272:SMAD3;cg23969269:SYNPO,CpGs were mapped to genes using UCSC_RefGene_Name from IlluminaHumanMethylationEPICanno.ilm10b4.hg19; one CpG may map to multiple genes.,Default clusterProfiler::enrichGO background used in the current analysis.,Top 1000 CpGs from the SOLAR supervised importance ranking.,SOLAR supervised importance scores aggregate contributions across the inferred latent factors.
GO:0061572,actin filament bundle organization,15/501,163/18842,3.46093089893832,3.102623278353884e-5,0.014033403751323722,0.014033403751323722,15,15,18,CX3CL1;DNM2;EPHA1;EPS8;F11R;FMN1;LIMA1;LIMK1;NF2;RAC1;SMAD3;SRC;SWAP70;SYNPO;TGFBR1,cg00061185;cg00774600;cg01423643;cg01784548;cg05385805;cg06399901;cg09831373;cg10023915;cg10231182;cg16173140;cg16934124;cg17281406;cg19679123;cg19757422;cg20427865;cg22170599;cg23731272;cg23969269,cg00061185:LIMA1;cg00774600:TGFBR1;cg01423643:F11R;cg01784548:RAC1;cg05385805:EPHA1;cg06399901:LIMA1;cg09831373:NF2;cg10023915:SWAP70;cg10231182:EPS8;cg16173140:FMN1;cg16934124:DNM2;cg17281406:LIMK1;cg19679123:SMAD3;cg19757422:SRC;cg20427865:CX3CL1;cg22170599:F11R;cg23731272:SMAD3;cg23969269:SYNPO,CpGs were mapped to genes using UCSC_RefGene_Name from IlluminaHumanMethylationEPICanno.ilm10b4.hg19; one CpG may map to multiple genes.,Default clusterProfiler::enrichGO background used in the current analysis.,Top 1000 CpGs from the SOLAR supervised importance ranking.,SOLAR supervised importance scores aggregate contributions across the inferred latent factors.
GO:0009812,flavonoid metabolic process,5/501,16/18842,11.752744510978044,4.46379109484429e-5,0.017433766826845196,0.017433766826845196,5,5,1,UGT1A10;UGT1A6;UGT1A7;UGT1A8;UGT1A9,cg18820295,cg18820295:UGT1A10;cg18820295:UGT1A6;cg18820295:UGT1A7;cg18820295:UGT1A8;cg18820295:UGT1A9,CpGs were mapped to genes using UCSC_RefGene_Name from IlluminaHumanMethylationEPICanno.ilm10b4.hg19; one CpG may map to multiple genes.,Default clusterProfiler::enrichGO background used in the current analysis.,Top 1000 CpGs from the SOLAR supervised importance ranking.,SOLAR supervised importance scores aggregate contributions across the inferred latent factors.
GO:0035265,organ growth,12/501,113/18842,3.9938530019606806,4.743882129753795e-5,0.017433766826845196,0.017433766826845196,12,12,15,FGFR2;NRG1;POR;PPARA;PSAP;RARG;RUNX1;SKI;SORBS2;TGFBR1;TP73;YAP1,cg00293331;cg00774600;cg01338459;cg01560665;cg02792822;cg08556511;cg09107344;cg09881261;cg10592478;cg11538119;cg12318049;cg12580943;cg13937905;cg20628743;cg23159233,cg00293331:FGFR2;cg00774600:TGFBR1;cg01338459:NRG1;cg01560665:RUNX1;cg02792822:PSAP;cg08556511:YAP1;cg09107344:RARG;cg09881261:SORBS2;cg10592478:RARG;cg11538119:SORBS2;cg12318049:POR;cg12580943:SKI;cg13937905:RARG;cg20628743:TP73;cg23159233:PPARA,CpGs were mapped to genes using UCSC_RefGene_Name from IlluminaHumanMethylationEPICanno.ilm10b4.hg19; one CpG may map to multiple genes.,Default clusterProfiler::enrichGO background used in the current analysis.,Top 1000 CpGs from the SOLAR supervised importance ranking.,SOLAR supervised importance scores aggregate contributions across the inferred latent factors.
GO:0045216,cell-cell junction organization,16/501,187/18842,3.217863737765111,4.171966465170821e-5,0.017433766826845196,0.017433766826845196,16,16,21,CTNNA1;ECT2;EFNB2;F11R;MICALL2;PECAM1;PKN2;PKP3;PKP4;PRKCH;PRKCI;RAC1;SMAD3;TBCD;TGFBR1;VCL,cg00755791;cg00774600;cg01423643;cg01771850;cg01784548;cg02759751;cg04126662;cg06022562;cg08616951;cg10583473;cg13416893;cg14471624;cg19679123;cg20155446;cg20194367;cg20452287;cg22170599;cg23731272;cg24789365;cg25357598;cg26015374,cg00755791:VCL;cg00774600:TGFBR1;cg01423643:F11R;cg01771850:TBCD;cg01784548:RAC1;cg02759751:MICALL2;cg04126662:PECAM1;cg06022562:TBCD;cg08616951:PKP3;cg10583473:MICALL2;cg13416893:TBCD;cg14471624:PRKCI;cg19679123:SMAD3;cg20155446:EFNB2;cg20194367:PRKCH;cg20452287:PKP4;cg22170599:F11R;cg23731272:SMAD3;cg24789365:PKN2;cg25357598:ECT2;cg26015374:CTNNA1,CpGs were mapped to genes using UCSC_RefGene_Name from IlluminaHumanMethylationEPICanno.ilm10b4.hg19; one CpG may map to multiple genes.,Default clusterProfiler::enrichGO background used in the current analysis.,Top 1000 CpGs from the SOLAR supervised importance ranking.,SOLAR supervised importance scores aggregate contributions across the inferred latent factors.
GO:0022604,regulation of cell morphogenesis,17/501,211/18842,3.0300914758161404,5.195004612825147e-5,0.017968604190242272,0.017968604190242272,17,17,23,CCL24;DVL1;EPS8;F11R;FMNL1;GAS2;GRIP1;HCK;ITGB2;ITSN2;NEDD4L;NF2;PALMD;PLXNB2;RAC1;SHROOM3;SRC,cg00331226;cg01423643;cg01784548;cg02870676;cg02937491;cg04007989;cg06598591;cg07121438;cg09181437;cg09831373;cg10231182;cg11223933;cg15976416;cg17315454;cg17679980;cg19757422;cg20408776;cg21617353;cg22170599;cg23041250;cg23250405;cg25982561;cg27103348,cg00331226:PALMD;cg01423643:F11R;cg01784548:RAC1;cg02870676:NEDD4L;cg02937491:NEDD4L;cg04007989:ITSN2;cg06598591:GRIP1;cg07121438:HCK;cg09181437:HCK;cg09831373:NF2;cg10231182:EPS8;cg11223933:FMNL1;cg15976416:DVL1;cg17315454:CCL24;cg17679980:GAS2;cg19757422:SRC;cg20408776:FMNL1;cg21617353:FMNL1;cg22170599:F11R;cg23041250:PLXNB2;cg23250405:SHROOM3;cg25982561:GAS2;cg27103348:ITGB2,CpGs were mapped to genes using UCSC_RefGene_Name from IlluminaHumanMethylationEPICanno.ilm10b4.hg19; one CpG may map to multiple genes.,Default clusterProfiler::enrichGO background used in the current analysis.,Top 1000 CpGs from the SOLAR supervised importance ranking.,SOLAR supervised importance scores aggregate contributions across the inferred latent factors.
GO:0071385,cellular response to glucocorticoid stimulus,8/501,51/18842,5.899416852569371,5.50505860766861e-5,0.01798319145171746,0.01798319145171746,8,8,4,SSTR5;UBE2L3;UGT1A10;UGT1A6;UGT1A7;UGT1A8;UGT1A9;ZFP36L1,cg06422039;cg06617636;cg10628201;cg18820295,cg06422039:SSTR5;cg06617636:ZFP36L1;cg10628201:UBE2L3;cg18820295:UGT1A10;cg18820295:UGT1A6;cg18820295:UGT1A7;cg18820295:UGT1A8;cg18820295:UGT1A9,CpGs were mapped to genes using UCSC_RefGene_Name from IlluminaHumanMethylationEPICanno.ilm10b4.hg19; one CpG may map to multiple genes.,Default clusterProfiler::enrichGO background used in the current analysis.,Top 1000 CpGs from the SOLAR supervised importance ranking.,SOLAR supervised importance scores aggregate contributions across the inferred latent factors.
GO:0009611,response to wounding,29/501,496/18842,2.1989005859249247,6.777177601771886e-5,0.019329819807925183,0.01932981980792518,29,29,32,AJAP1;ANGPTL2;ANO6;CHMP3;COL5A1;CTNNA1;DDR1;DGKD;DGKQ;ERBB2;F11R;ITPK1;MCAM;NFE2L2;NRG1;PRKCQ;PRRG2;RAC1;RASA3;SCARF1;SMAD3;SMOC2;SRC;STAT3;STK24;TGFBR1;VCL;YAP1;ZFP36L1,cg00476906;cg00755791;cg00774600;cg01338459;cg01423643;cg01784548;cg03270204;cg04656889;cg05512684;cg05722944;cg06617636;cg08556511;cg09268718;cg11002420;cg13508369;cg13514641;cg14924715;cg15605704;cg17541290;cg19679123;cg19757422;cg20375836;cg20954746;cg21790314;cg22170599;cg22797953;cg23731272;cg23954890;cg25268435;cg25351437;cg26015374;cg26651525,cg00476906:STAT3;cg00755791:VCL;cg00774600:TGFBR1;cg01338459:NRG1;cg01423643:F11R;cg01784548:RAC1;cg03270204:DDR1;cg04656889:ERBB2;cg05512684:ERBB2;cg05722944:PRRG2;cg06617636:ZFP36L1;cg08556511:YAP1;cg09268718:SCARF1;cg11002420:MCAM;cg13508369:ANGPTL2;cg13514641:CHMP3;cg14924715:SMOC2;cg15605704:AJAP1;cg17541290:RASA3;cg19679123:SMAD3;cg19757422:SRC;cg20375836:STK24;cg20954746:DGKD;cg21790314:DGKQ;cg22170599:F11R;cg22797953:COL5A1;cg23731272:SMAD3;cg23954890:ANO6;cg25268435:NFE2L2;cg25351437:PRKCQ;cg26015374:CTNNA1;cg26651525:ITPK1,CpGs were mapped to genes using UCSC_RefGene_Name from IlluminaHumanMethylationEPICanno.ilm10b4.hg19; one CpG may map to multiple genes.,Default clusterProfiler::enrichGO background used in the current analysis.,Top 1000 CpGs from the SOLAR supervised importance ranking.,SOLAR supervised importance scores aggregate contributions across the inferred latent factors.
GO:0010562,positive regulation of phosphorus metabolic process,21/501,305/18842,2.589457151271228,7.271343377062769e-5,0.019329819807925183,0.01932981980792518,21,21,23,AGAP2;ATG14;CARD14;ECT2;EGF;EGFR;ERBB2;IL34;LTBR;MST1R;NRG1;PPARA;PRKAR1A;PROM2;RAC1;RPTOR;SRC;STAT3;TNK2;TRAF4;WDFY2,cg00476906;cg00539654;cg00693696;cg01338459;cg01784548;cg01834979;cg03383916;cg04272265;cg04656889;cg05512684;cg06314111;cg09042884;cg10002850;cg10193290;cg11839681;cg12252222;cg15910686;cg19757422;cg19955173;cg21386995;cg23159233;cg25241038;cg25357598,cg00476906:STAT3;cg00539654:EGF;cg00693696:RPTOR;cg01338459:NRG1;cg01784548:RAC1;cg01834979:AGAP2;cg03383916:ATG14;cg04272265:IL34;cg04656889:ERBB2;cg05512684:ERBB2;cg06314111:AGAP2;cg09042884:LTBR;cg10002850:EGFR;cg10193290:WDFY2;cg11839681:MST1R;cg12252222:PRKAR1A;cg15910686:CARD14;cg19757422:SRC;cg19955173:TNK2;cg21386995:TRAF4;cg23159233:PPARA;cg25241038:PROM2;cg25357598:ECT2,CpGs were mapped to genes using UCSC_RefGene_Name from IlluminaHumanMethylationEPICanno.ilm10b4.hg19; one CpG may map to multiple genes.,Default clusterProfiler::enrichGO background used in the current analysis.,Top 1000 CpGs from the SOLAR supervised importance ranking.,SOLAR supervised importance scores aggregate contributions across the inferred latent factors.
GO:0032231,regulation of actin filament bundle assembly,11/501,101/18842,4.096006007786407,7.738834682097936e-5,0.019329819807925183,0.01932981980792518,11,11,14,CX3CL1;EPHA1;F11R;LIMA1;LIMK1;NF2;RAC1;SMAD3;SWAP70;SYNPO;TGFBR1,cg00061185;cg00774600;cg01423643;cg01784548;cg05385805;cg06399901;cg09831373;cg10023915;cg17281406;cg19679123;cg20427865;cg22170599;cg23731272;cg23969269,cg00061185:LIMA1;cg00774600:TGFBR1;cg01423643:F11R;cg01784548:RAC1;cg05385805:EPHA1;cg06399901:LIMA1;cg09831373:NF2;cg10023915:SWAP70;cg17281406:LIMK1;cg19679123:SMAD3;cg20427865:CX3CL1;cg22170599:F11R;cg23731272:SMAD3;cg23969269:SYNPO,CpGs were mapped to genes using UCSC_RefGene_Name from IlluminaHumanMethylationEPICanno.ilm10b4.hg19; one CpG may map to multiple genes.,Default clusterProfiler::enrichGO background used in the current analysis.,Top 1000 CpGs from the SOLAR supervised importance ranking.,SOLAR supervised importance scores aggregate contributions across the inferred latent factors.
GO:0045937,positive regulation of phosphate metabolic process,21/501,305/18842,2.589457151271228,7.271343377062769e-5,0.019329819807925183,0.01932981980792518,21,21,23,AGAP2;ATG14;CARD14;ECT2;EGF;EGFR;ERBB2;IL34;LTBR;MST1R;NRG1;PPARA;PRKAR1A;PROM2;RAC1;RPTOR;SRC;STAT3;TNK2;TRAF4;WDFY2,cg00476906;cg00539654;cg00693696;cg01338459;cg01784548;cg01834979;cg03383916;cg04272265;cg04656889;cg05512684;cg06314111;cg09042884;cg10002850;cg10193290;cg11839681;cg12252222;cg15910686;cg19757422;cg19955173;cg21386995;cg23159233;cg25241038;cg25357598,cg00476906:STAT3;cg00539654:EGF;cg00693696:RPTOR;cg01338459:NRG1;cg01784548:RAC1;cg01834979:AGAP2;cg03383916:ATG14;cg04272265:IL34;cg04656889:ERBB2;cg05512684:ERBB2;cg06314111:AGAP2;cg09042884:LTBR;cg10002850:EGFR;cg10193290:WDFY2;cg11839681:MST1R;cg12252222:PRKAR1A;cg15910686:CARD14;cg19757422:SRC;cg19955173:TNK2;cg21386995:TRAF4;cg23159233:PPARA;cg25241038:PROM2;cg25357598:ECT2,CpGs were mapped to genes using UCSC_RefGene_Name from IlluminaHumanMethylationEPICanno.ilm10b4.hg19; one CpG may map to multiple genes.,Default clusterProfiler::enrichGO background used in the current analysis.,Top 1000 CpGs from the SOLAR supervised importance ranking.,SOLAR supervised importance scores aggregate contributions across the inferred latent factors.
GO:0070102,interleukin-6-mediated signaling pathway,6/501,28/18842,8.059024807527802,7.851631517011642e-5,0.019329819807925183,0.01932981980792518,6,6,5,MIR99A;MIRLET7C;SPI1;SRC;STAT3;YAP1,cg00476906;cg01539849;cg08556511;cg15729697;cg19757422,cg00476906:STAT3;cg01539849:SPI1;cg08556511:YAP1;cg15729697:MIR99A;cg15729697:MIRLET7C;cg19757422:SRC,CpGs were mapped to genes using UCSC_RefGene_Name from IlluminaHumanMethylationEPICanno.ilm10b4.hg19; one CpG may map to multiple genes.,Default clusterProfiler::enrichGO background used in the current analysis.,Top 1000 CpGs from the SOLAR supervised importance ranking.,SOLAR supervised importance scores aggregate contributions across the inferred latent factors.
GO:0099072,regulation of postsynaptic membrane neurotransmitter receptor levels,12/501,119/18842,3.7924822623660246,7.889722370581707e-5,0.019329819807925183,0.01932981980792518,12,12,13,AGAP3;AP2A2;CTNND1;EFNB2;EPS8;ERBB2;GRIP1;IQSEC3;NRG1;PRKCI;SCRIB;VAC14,cg01338459;cg04656889;cg05512684;cg06598591;cg08005809;cg08201451;cg10231182;cg14471624;cg15213052;cg20155446;cg24716664;cg25417842;cg26216760,cg01338459:NRG1;cg04656889:ERBB2;cg05512684:ERBB2;cg06598591:GRIP1;cg08005809:SCRIB;cg08201451:VAC14;cg10231182:EPS8;cg14471624:PRKCI;cg15213052:CTNND1;cg20155446:EFNB2;cg24716664:AP2A2;cg25417842:AGAP3;cg26216760:IQSEC3,CpGs were mapped to genes using UCSC_RefGene_Name from IlluminaHumanMethylationEPICanno.ilm10b4.hg19; one CpG may map to multiple genes.,Default clusterProfiler::enrichGO background used in the current analysis.,Top 1000 CpGs from the SOLAR supervised importance ranking.,SOLAR supervised importance scores aggregate contributions across the inferred latent factors.
GO:0001934,positive regulation of protein phosphorylation,17/501,219/18842,2.9194032027269663,8.252517299254223e-5,0.019409920687845934,0.019409920687845934,17,17,19,AGAP2;ATG14;CARD14;ECT2;EGF;EGFR;ERBB2;IL34;LTBR;MST1R;NRG1;PRKAR1A;PROM2;RAC1;TNK2;TRAF4;WDFY2,cg00539654;cg01338459;cg01784548;cg01834979;cg03383916;cg04272265;cg04656889;cg05512684;cg06314111;cg09042884;cg10002850;cg10193290;cg11839681;cg12252222;cg15910686;cg19955173;cg21386995;cg25241038;cg25357598,cg00539654:EGF;cg01338459:NRG1;cg01784548:RAC1;cg01834979:AGAP2;cg03383916:ATG14;cg04272265:IL34;cg04656889:ERBB2;cg05512684:ERBB2;cg06314111:AGAP2;cg09042884:LTBR;cg10002850:EGFR;cg10193290:WDFY2;cg11839681:MST1R;cg12252222:PRKAR1A;cg15910686:CARD14;cg19955173:TNK2;cg21386995:TRAF4;cg25241038:PROM2;cg25357598:ECT2,CpGs were mapped to genes using UCSC_RefGene_Name from IlluminaHumanMethylationEPICanno.ilm10b4.hg19; one CpG may map to multiple genes.,Default clusterProfiler::enrichGO background used in the current analysis.,Top 1000 CpGs from the SOLAR supervised importance ranking.,SOLAR supervised importance scores aggregate contributions across the inferred latent factors.
GO:0055017,cardiac muscle tissue growth,9/501,70/18842,4.8354148845166804,9.522837651073646e-5,0.02153626361088963,0.02153626361088963,9,9,10,FGFR2;NRG1;PPARA;RUNX1;SKI;SORBS2;TGFBR1;TP73;YAP1,cg00293331;cg00774600;cg01338459;cg01560665;cg08556511;cg09881261;cg11538119;cg12580943;cg20628743;cg23159233,cg00293331:FGFR2;cg00774600:TGFBR1;cg01338459:NRG1;cg01560665:RUNX1;cg08556511:YAP1;cg09881261:SORBS2;cg11538119:SORBS2;cg12580943:SKI;cg20628743:TP73;cg23159233:PPARA,CpGs were mapped to genes using UCSC_RefGene_Name from IlluminaHumanMethylationEPICanno.ilm10b4.hg19; one CpG may map to multiple genes.,Default clusterProfiler::enrichGO background used in the current analysis.,Top 1000 CpGs from the SOLAR supervised importance ranking.,SOLAR supervised importance scores aggregate contributions across the inferred latent factors.
GO:1903829,positive regulation of protein localization,27/501,457/18842,2.2219630760361118,1.0110247459160628e-4,0.022017872244394256,0.02201787224439426,27,27,30,ARHGEF16;ATP2C1;CHRM1;CTNND1;DVL1;ECT2;EGF;EGFR;EIF2AK3;EXPH5;FBXW7;FRMD4A;LAMB1;LIMK2;MCU;MICALL2;NF2;NUMA1;PECAM1;PKP3;PPARD;PRKCH;PRKCI;RAC1;SMAD3;UBE2L3;YAP1,cg00539654;cg01784548;cg02759751;cg04126662;cg05335944;cg06289725;cg07111425;cg07999415;cg08448284;cg08556511;cg08616951;cg09831373;cg10002850;cg10583473;cg10628201;cg12632591;cg14471624;cg14679421;cg14705010;cg15213052;cg15976416;cg16123938;cg18204017;cg19679123;cg19954234;cg20194367;cg21987515;cg23731272;cg24371534;cg25357598,cg00539654:EGF;cg01784548:RAC1;cg02759751:MICALL2;cg04126662:PECAM1;cg05335944:FRMD4A;cg06289725:CHRM1;cg07111425:LIMK2;cg07999415:NUMA1;cg08448284:ATP2C1;cg08556511:YAP1;cg08616951:PKP3;cg09831373:NF2;cg10002850:EGFR;cg10583473:MICALL2;cg10628201:UBE2L3;cg12632591:EIF2AK3;cg14471624:PRKCI;cg14679421:MCU;cg14705010:NUMA1;cg15213052:CTNND1;cg15976416:DVL1;cg16123938:LAMB1;cg18204017:PPARD;cg19679123:SMAD3;cg19954234:EXPH5;cg20194367:PRKCH;cg21987515:FBXW7;cg23731272:SMAD3;cg24371534:ARHGEF16;cg25357598:ECT2,CpGs were mapped to genes using UCSC_RefGene_Name from IlluminaHumanMethylationEPICanno.ilm10b4.hg19; one CpG may map to multiple genes.,Default clusterProfiler::enrichGO background used in the current analysis.,Top 1000 CpGs from the SOLAR supervised importance ranking.,SOLAR supervised importance scores aggregate contributions across the inferred latent factors.
GO:0008360,regulation of cell shape,12/501,123/18842,3.6691495058663164,1.0868323755375097e-4,0.022823479886287704,0.0228234798862877,12,12,17,CCL24;EPS8;F11R;FMNL1;GAS2;HCK;ITGB2;NF2;PALMD;PLXNB2;RAC1;SHROOM3,cg00331226;cg01423643;cg01784548;cg07121438;cg09181437;cg09831373;cg10231182;cg11223933;cg17315454;cg17679980;cg20408776;cg21617353;cg22170599;cg23041250;cg23250405;cg25982561;cg27103348,cg00331226:PALMD;cg01423643:F11R;cg01784548:RAC1;cg07121438:HCK;cg09181437:HCK;cg09831373:NF2;cg10231182:EPS8;cg11223933:FMNL1;cg17315454:CCL24;cg17679980:GAS2;cg20408776:FMNL1;cg21617353:FMNL1;cg22170599:F11R;cg23041250:PLXNB2;cg23250405:SHROOM3;cg25982561:GAS2;cg27103348:ITGB2,CpGs were mapped to genes using UCSC_RefGene_Name from IlluminaHumanMethylationEPICanno.ilm10b4.hg19; one CpG may map to multiple genes.,Default clusterProfiler::enrichGO background used in the current analysis.,Top 1000 CpGs from the SOLAR supervised importance ranking.,SOLAR supervised importance scores aggregate contributions across the inferred latent factors.
GO:0002009,morphogenesis of an epithelium,21/501,316/18842,2.49931782005609,1.1986660234102701e-4,0.023493854058841294,0.023493854058841294,21,21,22,AJAP1;BRSK2;COL5A1;CTNND1;DDR1;DVL1;EGF;FGFR2;GREB1;KDM2B;KLHL3;KRT14;MTHFD1L;PIK3CD;PKD1;PLXNB2;SCRIB;SKI;STARD13;VCL;YAP1,cg00293331;cg00539654;cg00755791;cg02518899;cg03270204;cg03494430;cg06024930;cg08005809;cg08556511;cg08854008;cg09977620;cg10654948;cg12038940;cg12580943;cg15213052;cg15605704;cg15976416;cg18119644;cg21166985;cg22503444;cg22797953;cg23041250,cg00293331:FGFR2;cg00539654:EGF;cg00755791:VCL;cg02518899:KRT14;cg03270204:DDR1;cg03494430:PKD1;cg06024930:KDM2B;cg08005809:SCRIB;cg08556511:YAP1;cg08854008:PIK3CD;cg09977620:GREB1;cg10654948:STARD13;cg12038940:KLHL3;cg12580943:SKI;cg15213052:CTNND1;cg15605704:AJAP1;cg15976416:DVL1;cg18119644:BRSK2;cg21166985:KDM2B;cg22503444:MTHFD1L;cg22797953:COL5A1;cg23041250:PLXNB2,CpGs were mapped to genes using UCSC_RefGene_Name from IlluminaHumanMethylationEPICanno.ilm10b4.hg19; one CpG may map to multiple genes.,Default clusterProfiler::enrichGO background used in the current analysis.,Top 1000 CpGs from the SOLAR supervised importance ranking.,SOLAR supervised importance scores aggregate contributions across the inferred latent factors.
GO:0048488,synaptic vesicle endocytosis,9/501,72/18842,4.7010978043912175,0.00011891839119489685,0.023493854058841294,0.023493854058841294,9,9,9,AP2A2;CTBP1;DGKQ;DNM2;DNM3;ITSN2;RAC1;SCRIB;STON2,cg01784548;cg04007989;cg05710651;cg08005809;cg14508705;cg16934124;cg21078144;cg21790314;cg24716664,cg01784548:RAC1;cg04007989:ITSN2;cg05710651:CTBP1;cg08005809:SCRIB;cg14508705:DNM3;cg16934124:DNM2;cg21078144:STON2;cg21790314:DGKQ;cg24716664:AP2A2,CpGs were mapped to genes using UCSC_RefGene_Name from IlluminaHumanMethylationEPICanno.ilm10b4.hg19; one CpG may map to multiple genes.,Default clusterProfiler::enrichGO background used in the current analysis.,Top 1000 CpGs from the SOLAR supervised importance ranking.,SOLAR supervised importance scores aggregate contributions across the inferred latent factors.
GO:0060038,cardiac muscle cell proliferation,7/501,44/18842,5.983215387407005,1.4719206534956843e-4,0.02707525525469891,0.02707525525469891,7,7,7,FGFR2;NRG1;RUNX1;SKI;TGFBR1;TP73;YAP1,cg00293331;cg00774600;cg01338459;cg01560665;cg08556511;cg12580943;cg20628743,cg00293331:FGFR2;cg00774600:TGFBR1;cg01338459:NRG1;cg01560665:RUNX1;cg08556511:YAP1;cg12580943:SKI;cg20628743:TP73,CpGs were mapped to genes using UCSC_RefGene_Name from IlluminaHumanMethylationEPICanno.ilm10b4.hg19; one CpG may map to multiple genes.,Default clusterProfiler::enrichGO background used in the current analysis.,Top 1000 CpGs from the SOLAR supervised importance ranking.,SOLAR supervised importance scores aggregate contributions across the inferred latent factors.
GO:1902893,regulation of miRNA transcription,9/501,74/18842,4.574041106975239,1.4734832791672876e-4,0.02707525525469891,0.02707525525469891,9,9,10,EGFR;NCOR2;NFIB;PPARA;PPARD;SMAD1;SMAD3;SPI1;STAT3,cg00476906;cg01539849;cg03196376;cg07954091;cg10002850;cg14515506;cg18204017;cg19679123;cg23159233;cg23731272,cg00476906:STAT3;cg01539849:SPI1;cg03196376:SMAD1;cg07954091:NCOR2;cg10002850:EGFR;cg14515506:NFIB;cg18204017:PPARD;cg19679123:SMAD3;cg23159233:PPARA;cg23731272:SMAD3,CpGs were mapped to genes using UCSC_RefGene_Name from IlluminaHumanMethylationEPICanno.ilm10b4.hg19; one CpG may map to multiple genes.,Default clusterProfiler::enrichGO background used in the current analysis.,Top 1000 CpGs from the SOLAR supervised importance ranking.,SOLAR supervised importance scores aggregate contributions across the inferred latent factors.
GO:0031401,positive regulation of protein modification process,22/501,346/18842,2.391309865817498,1.5714067139634263e-4,0.02799961053971196,0.027999610539711957,22,22,26,AGAP2;ASPSCR1;ATG14;CARD14;DNAJB2;ECT2;EGF;EGFR;ERBB2;FBXW7;HDAC4;IL34;LTBR;MST1R;NRG1;PRKAR1A;PROM2;RAC1;TNK2;TRAF4;UBE2L3;WDFY2,cg00539654;cg01087977;cg01338459;cg01784548;cg01834979;cg03383916;cg04272265;cg04656889;cg05277504;cg05512684;cg06314111;cg09042884;cg10002850;cg10193290;cg10628201;cg11839681;cg12252222;cg15910686;cg17939889;cg19955173;cg20538228;cg21386995;cg21987515;cg25241038;cg25357598;cg27168632,cg00539654:EGF;cg01087977:DNAJB2;cg01338459:NRG1;cg01784548:RAC1;cg01834979:AGAP2;cg03383916:ATG14;cg04272265:IL34;cg04656889:ERBB2;cg05277504:ASPSCR1;cg05512684:ERBB2;cg06314111:AGAP2;cg09042884:LTBR;cg10002850:EGFR;cg10193290:WDFY2;cg10628201:UBE2L3;cg11839681:MST1R;cg12252222:PRKAR1A;cg15910686:CARD14;cg17939889:HDAC4;cg19955173:TNK2;cg20538228:ASPSCR1;cg21386995:TRAF4;cg21987515:FBXW7;cg25241038:PROM2;cg25357598:ECT2;cg27168632:HDAC4,CpGs were mapped to genes using UCSC_RefGene_Name from IlluminaHumanMethylationEPICanno.ilm10b4.hg19; one CpG may map to multiple genes.,Default clusterProfiler::enrichGO background used in the current analysis.,Top 1000 CpGs from the SOLAR supervised importance ranking.,SOLAR supervised importance scores aggregate contributions across the inferred latent factors.
GO:0061614,miRNA transcription,9/501,75/18842,4.513053892215568,1.6356264579690994e-4,0.02828671639075972,0.02828671639075972,9,9,10,EGFR;NCOR2;NFIB;PPARA;PPARD;SMAD1;SMAD3;SPI1;STAT3,cg00476906;cg01539849;cg03196376;cg07954091;cg10002850;cg14515506;cg18204017;cg19679123;cg23159233;cg23731272,cg00476906:STAT3;cg01539849:SPI1;cg03196376:SMAD1;cg07954091:NCOR2;cg10002850:EGFR;cg14515506:NFIB;cg18204017:PPARD;cg19679123:SMAD3;cg23159233:PPARA;cg23731272:SMAD3,CpGs were mapped to genes using UCSC_RefGene_Name from IlluminaHumanMethylationEPICanno.ilm10b4.hg19; one CpG may map to multiple genes.,Default clusterProfiler::enrichGO background used in the current analysis.,Top 1000 CpGs from the SOLAR supervised importance ranking.,SOLAR supervised importance scores aggregate contributions across the inferred latent factors.
GO:0140238,presynaptic endocytosis,9/501,76/18842,4.4536716041601006,1.8123716771854538e-4,0.030447844176715623,0.030447844176715623,9,9,9,AP2A2;CTBP1;DGKQ;DNM2;DNM3;ITSN2;RAC1;SCRIB;STON2,cg01784548;cg04007989;cg05710651;cg08005809;cg14508705;cg16934124;cg21078144;cg21790314;cg24716664,cg01784548:RAC1;cg04007989:ITSN2;cg05710651:CTBP1;cg08005809:SCRIB;cg14508705:DNM3;cg16934124:DNM2;cg21078144:STON2;cg21790314:DGKQ;cg24716664:AP2A2,CpGs were mapped to genes using UCSC_RefGene_Name from IlluminaHumanMethylationEPICanno.ilm10b4.hg19; one CpG may map to multiple genes.,Default clusterProfiler::enrichGO background used in the current analysis.,Top 1000 CpGs from the SOLAR supervised importance ranking.,SOLAR supervised importance scores aggregate contributions across the inferred latent factors.
GO:0016049,cell growth,25/501,426/18842,2.2070881710756893,2.0098040119176838e-4,0.031099072605463105,0.03109907260546311,25,25,33,DNAJB2;DNM2;EGFR;ERBB2;ITSN2;KIF26A;LIMK1;NEDD4L;NF2;NRG1;NRN1L;PPARA;PPARD;PRKCQ;PRR5;PTCH2;RARG;RASGRP2;RPTOR;SEMA3F;SH3BP4;SMAD3;SORBS2;TGFBR1;YAP1,cg00693696;cg00774600;cg01068601;cg01087977;cg01338459;cg02807227;cg02870676;cg02937491;cg04007989;cg04656889;cg05512684;cg07905537;cg07969202;cg08556511;cg09107344;cg09831373;cg09881261;cg10002850;cg10127037;cg10574499;cg10592478;cg11538119;cg12603173;cg13937905;cg16934124;cg17281406;cg18204017;cg19679123;cg23159233;cg23729407;cg23731272;cg25310729;cg25351437,cg00693696:RPTOR;cg00774600:TGFBR1;cg01068601:NRN1L;cg01087977:DNAJB2;cg01338459:NRG1;cg02807227:SH3BP4;cg02870676:NEDD4L;cg02937491:NEDD4L;cg04007989:ITSN2;cg04656889:ERBB2;cg05512684:ERBB2;cg07905537:PTCH2;cg07969202:SEMA3F;cg08556511:YAP1;cg09107344:RARG;cg09831373:NF2;cg09881261:SORBS2;cg10002850:EGFR;cg10127037:KIF26A;cg10574499:NRN1L;cg10592478:RARG;cg11538119:SORBS2;cg12603173:RASGRP2;cg13937905:RARG;cg16934124:DNM2;cg17281406:LIMK1;cg18204017:PPARD;cg19679123:SMAD3;cg23159233:PPARA;cg23729407:SH3BP4;cg23731272:SMAD3;cg25310729:PRR5;cg25351437:PRKCQ,CpGs were mapped to genes using UCSC_RefGene_Name from IlluminaHumanMethylationEPICanno.ilm10b4.hg19; one CpG may map to multiple genes.,Default clusterProfiler::enrichGO background used in the current analysis.,Top 1000 CpGs from the SOLAR supervised importance ranking.,SOLAR supervised importance scores aggregate contributions across the inferred latent factors.
GO:0050878,regulation of body fluid levels,21/501,327/18842,2.4152429086780565,1.9232987517833178e-4,0.031099072605463105,0.03109907260546311,21,21,24,ADCY3;ANGPTL2;ANO1;ANO6;CHRM1;DDR1;DGKD;DGKQ;F11R;GNAI2;ITPK1;NCOR2;NFE2L2;PPARA;PRKAR1A;PRKCQ;PRRG2;RASA3;SCNN1A;SRC;VCL,cg00755791;cg01176141;cg01423643;cg03270204;cg05722944;cg05795048;cg06289725;cg07954091;cg09042884;cg11785537;cg12252222;cg13508369;cg17541290;cg19757422;cg20227471;cg20954746;cg21790314;cg22170599;cg23159233;cg23954890;cg25268435;cg25351437;cg26449980;cg26651525,cg00755791:VCL;cg01176141:ANO1;cg01423643:F11R;cg03270204:DDR1;cg05722944:PRRG2;cg05795048:GNAI2;cg06289725:CHRM1;cg07954091:NCOR2;cg09042884:SCNN1A;cg11785537:SCNN1A;cg12252222:PRKAR1A;cg13508369:ANGPTL2;cg17541290:RASA3;cg19757422:SRC;cg20227471:ADCY3;cg20954746:DGKD;cg21790314:DGKQ;cg22170599:F11R;cg23159233:PPARA;cg23954890:ANO6;cg25268435:NFE2L2;cg25351437:PRKCQ;cg26449980:GNAI2;cg26651525:ITPK1,CpGs were mapped to genes using UCSC_RefGene_Name from IlluminaHumanMethylationEPICanno.ilm10b4.hg19; one CpG may map to multiple genes.,Default clusterProfiler::enrichGO background used in the current analysis.,Top 1000 CpGs from the SOLAR supervised importance ranking.,SOLAR supervised importance scores aggregate contributions across the inferred latent factors.
GO:0060419,heart growth,9/501,77/18842,4.395831713196983,2.0047314535746421e-4,0.031099072605463105,0.03109907260546311,9,9,10,FGFR2;NRG1;PPARA;RUNX1;SKI;SORBS2;TGFBR1;TP73;YAP1,cg00293331;cg00774600;cg01338459;cg01560665;cg08556511;cg09881261;cg11538119;cg12580943;cg20628743;cg23159233,cg00293331:FGFR2;cg00774600:TGFBR1;cg01338459:NRG1;cg01560665:RUNX1;cg08556511:YAP1;cg09881261:SORBS2;cg11538119:SORBS2;cg12580943:SKI;cg20628743:TP73;cg23159233:PPARA,CpGs were mapped to genes using UCSC_RefGene_Name from IlluminaHumanMethylationEPICanno.ilm10b4.hg19; one CpG may map to multiple genes.,Default clusterProfiler::enrichGO background used in the current analysis.,Top 1000 CpGs from the SOLAR supervised importance ranking.,SOLAR supervised importance scores aggregate contributions across the inferred latent factors.
GO:0032970,regulation of actin filament-based process,23/501,380/18842,2.276321042126274,2.304322192305416e-4,0.033047352416477674,0.033047352416477674,23,23,27,ARHGEF16;ATP2A2;BCAS3;CCL24;CORO2B;CX3CL1;ECT2;EPHA1;EPS8;F11R;FLII;HCK;LIMA1;LIMK1;NF2;PDE4D;RAC1;SMAD3;SVIL;SWAP70;SYNPO;TGFBR1;TMOD3,cg00061185;cg00774600;cg01423643;cg01784548;cg05385805;cg06399901;cg07121438;cg09065575;cg09181437;cg09200454;cg09287650;cg09831373;cg10023915;cg10231182;cg11767737;cg13254269;cg17281406;cg17315454;cg19679123;cg20427865;cg22170599;cg22435132;cg23731272;cg23969269;cg24371534;cg25357598;cg26771272,cg00061185:LIMA1;cg00774600:TGFBR1;cg01423643:F11R;cg01784548:RAC1;cg05385805:EPHA1;cg06399901:LIMA1;cg07121438:HCK;cg09065575:TMOD3;cg09181437:HCK;cg09200454:PDE4D;cg09287650:SVIL;cg09831373:NF2;cg10023915:SWAP70;cg10231182:EPS8;cg11767737:CORO2B;cg13254269:ATP2A2;cg17281406:LIMK1;cg17315454:CCL24;cg19679123:SMAD3;cg20427865:CX3CL1;cg22170599:F11R;cg22435132:BCAS3;cg23731272:SMAD3;cg23969269:SYNPO;cg24371534:ARHGEF16;cg25357598:ECT2;cg26771272:FLII,CpGs were mapped to genes using UCSC_RefGene_Name from IlluminaHumanMethylationEPICanno.ilm10b4.hg19; one CpG may map to multiple genes.,Default clusterProfiler::enrichGO background used in the current analysis.,Top 1000 CpGs from the SOLAR supervised importance ranking.,SOLAR supervised importance scores aggregate contributions across the inferred latent factors.
GO:0051056,regulation of small GTPase mediated signal transduction,20/501,307/18842,2.450083546262524,2.2498712971849206e-4,0.033047352416477674,0.033047352416477674,20,20,23,ARHGAP25;ARHGEF16;ARHGEF3;DOCK9;ECT2;EPS8;ERBB2;F11R;GARNL3;IQSEC3;OBSCN;PKP4;PSD3;RAC1;RALGPS1;RASA3;SRC;STARD13;SWAP70;TIAM1,cg01423643;cg01784548;cg01874067;cg03215416;cg03741874;cg04656889;cg05512684;cg05794117;cg10023915;cg10231182;cg10654948;cg13462547;cg13508369;cg17541290;cg19757422;cg20452287;cg22170599;cg23628437;cg24371534;cg25322698;cg25357598;cg25754195;cg26216760,cg01423643:F11R;cg01784548:RAC1;cg01874067:TIAM1;cg03215416:PSD3;cg03741874:GARNL3;cg04656889:ERBB2;cg05512684:ERBB2;cg05794117:OBSCN;cg10023915:SWAP70;cg10231182:EPS8;cg10654948:STARD13;cg13462547:DOCK9;cg13508369:RALGPS1;cg17541290:RASA3;cg19757422:SRC;cg20452287:PKP4;cg22170599:F11R;cg23628437:PSD3;cg24371534:ARHGEF16;cg25322698:ARHGEF3;cg25357598:ECT2;cg25754195:ARHGAP25;cg26216760:IQSEC3,CpGs were mapped to genes using UCSC_RefGene_Name from IlluminaHumanMethylationEPICanno.ilm10b4.hg19; one CpG may map to multiple genes.,Default clusterProfiler::enrichGO background used in the current analysis.,Top 1000 CpGs from the SOLAR supervised importance ranking.,SOLAR supervised importance scores aggregate contributions across the inferred latent factors.
GO:0072175,epithelial tube formation,8/501,62/18842,4.852746120661902,2.264149053020988e-4,0.033047352416477674,0.033047352416477674,8,8,9,EGF;FGFR2;KDM2B;MTHFD1L;PIK3CD;PLXNB2;SCRIB;SKI,cg00293331;cg00539654;cg06024930;cg08005809;cg08854008;cg12580943;cg21166985;cg22503444;cg23041250,cg00293331:FGFR2;cg00539654:EGF;cg06024930:KDM2B;cg08005809:SCRIB;cg08854008:PIK3CD;cg12580943:SKI;cg21166985:KDM2B;cg22503444:MTHFD1L;cg23041250:PLXNB2,CpGs were mapped to genes using UCSC_RefGene_Name from IlluminaHumanMethylationEPICanno.ilm10b4.hg19; one CpG may map to multiple genes.,Default clusterProfiler::enrichGO background used in the current analysis.,Top 1000 CpGs from the SOLAR supervised importance ranking.,SOLAR supervised importance scores aggregate contributions across the inferred latent factors.
GO:0032956,regulation of actin cytoskeleton organization,21/501,334/18842,2.3646240453225285,2.564410496909671e-4,0.033840094846204975,0.033840094846204975,21,21,25,ARHGEF16;BCAS3;CCL24;CORO2B;CX3CL1;ECT2;EPHA1;EPS8;F11R;FLII;HCK;LIMA1;LIMK1;NF2;RAC1;SMAD3;SVIL;SWAP70;SYNPO;TGFBR1;TMOD3,cg00061185;cg00774600;cg01423643;cg01784548;cg05385805;cg06399901;cg07121438;cg09065575;cg09181437;cg09287650;cg09831373;cg10023915;cg10231182;cg11767737;cg17281406;cg17315454;cg19679123;cg20427865;cg22170599;cg22435132;cg23731272;cg23969269;cg24371534;cg25357598;cg26771272,cg00061185:LIMA1;cg00774600:TGFBR1;cg01423643:F11R;cg01784548:RAC1;cg05385805:EPHA1;cg06399901:LIMA1;cg07121438:HCK;cg09065575:TMOD3;cg09181437:HCK;cg09287650:SVIL;cg09831373:NF2;cg10023915:SWAP70;cg10231182:EPS8;cg11767737:CORO2B;cg17281406:LIMK1;cg17315454:CCL24;cg19679123:SMAD3;cg20427865:CX3CL1;cg22170599:F11R;cg22435132:BCAS3;cg23731272:SMAD3;cg23969269:SYNPO;cg24371534:ARHGEF16;cg25357598:ECT2;cg26771272:FLII,CpGs were mapped to genes using UCSC_RefGene_Name from IlluminaHumanMethylationEPICanno.ilm10b4.hg19; one CpG may map to multiple genes.,Default clusterProfiler::enrichGO background used in the current analysis.,Top 1000 CpGs from the SOLAR supervised importance ranking.,SOLAR supervised importance scores aggregate contributions across the inferred latent factors.
GO:0042327,positive regulation of phosphorylation,17/501,240/18842,2.663955422488357,2.4878194042476416e-4,0.033840094846204975,0.033840094846204975,17,17,19,AGAP2;ATG14;CARD14;ECT2;EGF;EGFR;ERBB2;IL34;LTBR;MST1R;NRG1;PRKAR1A;PROM2;RAC1;TNK2;TRAF4;WDFY2,cg00539654;cg01338459;cg01784548;cg01834979;cg03383916;cg04272265;cg04656889;cg05512684;cg06314111;cg09042884;cg10002850;cg10193290;cg11839681;cg12252222;cg15910686;cg19955173;cg21386995;cg25241038;cg25357598,cg00539654:EGF;cg01338459:NRG1;cg01784548:RAC1;cg01834979:AGAP2;cg03383916:ATG14;cg04272265:IL34;cg04656889:ERBB2;cg05512684:ERBB2;cg06314111:AGAP2;cg09042884:LTBR;cg10002850:EGFR;cg10193290:WDFY2;cg11839681:MST1R;cg12252222:PRKAR1A;cg15910686:CARD14;cg19955173:TNK2;cg21386995:TRAF4;cg25241038:PROM2;cg25357598:ECT2,CpGs were mapped to genes using UCSC_RefGene_Name from IlluminaHumanMethylationEPICanno.ilm10b4.hg19; one CpG may map to multiple genes.,Default clusterProfiler::enrichGO background used in the current analysis.,Top 1000 CpGs from the SOLAR supervised importance ranking.,SOLAR supervised importance scores aggregate contributions across the inferred latent factors.
GO:0048729,tissue morphogenesis,24/501,408/18842,2.2122813197135143,2.589803177005483e-4,0.033840094846204975,0.033840094846204975,24,24,25,AJAP1;BRSK2;COL5A1;CTNND1;DDR1;DVL1;EGF;FGFR2;GREB1;KDM2B;KLHL3;KRT14;MIR200C;MTHFD1L;NRG1;PIK3CD;PKD1;PLXNB2;SCRIB;SKI;STARD13;TGFBR1;VCL;YAP1,cg00293331;cg00539654;cg00755791;cg00774600;cg01338459;cg02518899;cg03270204;cg03494430;cg06024930;cg08005809;cg08556511;cg08854008;cg09977620;cg10654948;cg12038940;cg12580943;cg15213052;cg15605704;cg15976416;cg18119644;cg18959988;cg21166985;cg22503444;cg22797953;cg23041250,cg00293331:FGFR2;cg00539654:EGF;cg00755791:VCL;cg00774600:TGFBR1;cg01338459:NRG1;cg02518899:KRT14;cg03270204:DDR1;cg03494430:PKD1;cg06024930:KDM2B;cg08005809:SCRIB;cg08556511:YAP1;cg08854008:PIK3CD;cg09977620:GREB1;cg10654948:STARD13;cg12038940:KLHL3;cg12580943:SKI;cg15213052:CTNND1;cg15605704:AJAP1;cg15976416:DVL1;cg18119644:BRSK2;cg18959988:MIR200C;cg21166985:KDM2B;cg22503444:MTHFD1L;cg22797953:COL5A1;cg23041250:PLXNB2,CpGs were mapped to genes using UCSC_RefGene_Name from IlluminaHumanMethylationEPICanno.ilm10b4.hg19; one CpG may map to multiple genes.,Default clusterProfiler::enrichGO background used in the current analysis.,Top 1000 CpGs from the SOLAR supervised importance ranking.,SOLAR supervised importance scores aggregate contributions across the inferred latent factors.
GO:0051495,positive regulation of cytoskeleton organization,14/501,175/18842,3.008702594810379,2.518656385307837e-4,0.033840094846204975,0.033840094846204975,14,14,18,CCL24;CX3CL1;EPHA1;HCK;LIMA1;LIMK1;MAPK15;NF2;NUMA1;RAC1;SMAD3;SWAP70;SYNPO;TGFBR1,cg00061185;cg00774600;cg01784548;cg05385805;cg06399901;cg07121438;cg07999415;cg09181437;cg09632305;cg09831373;cg10023915;cg14705010;cg17281406;cg17315454;cg19679123;cg20427865;cg23731272;cg23969269,cg00061185:LIMA1;cg00774600:TGFBR1;cg01784548:RAC1;cg05385805:EPHA1;cg06399901:LIMA1;cg07121438:HCK;cg07999415:NUMA1;cg09181437:HCK;cg09632305:MAPK15;cg09831373:NF2;cg10023915:SWAP70;cg14705010:NUMA1;cg17281406:LIMK1;cg17315454:CCL24;cg19679123:SMAD3;cg20427865:CX3CL1;cg23731272:SMAD3;cg23969269:SYNPO,CpGs were mapped to genes using UCSC_RefGene_Name from IlluminaHumanMethylationEPICanno.ilm10b4.hg19; one CpG may map to multiple genes.,Default clusterProfiler::enrichGO background used in the current analysis.,Top 1000 CpGs from the SOLAR supervised importance ranking.,SOLAR supervised importance scores aggregate contributions across the inferred latent factors.
GO:0099003,vesicle-mediated transport in synapse,17/501,242/18842,2.641939261971924,2.742443886913962e-4,0.035055587076204556,0.035055587076204556,17,17,17,AP2A2;BRSK2;CTBP1;DGKQ;DNM2;DNM3;DVL1;EFNB2;IQSEC3;ITSN2;NRG1;PPFIA3;RAC1;SCRIB;STON2;SYT8;VAC14,cg01338459;cg01784548;cg04007989;cg05710651;cg08005809;cg08201451;cg14508705;cg15976416;cg16657886;cg16934124;cg18119644;cg18887296;cg20155446;cg21078144;cg21790314;cg24716664;cg26216760,cg01338459:NRG1;cg01784548:RAC1;cg04007989:ITSN2;cg05710651:CTBP1;cg08005809:SCRIB;cg08201451:VAC14;cg14508705:DNM3;cg15976416:DVL1;cg16657886:SYT8;cg16934124:DNM2;cg18119644:BRSK2;cg18887296:PPFIA3;cg20155446:EFNB2;cg21078144:STON2;cg21790314:DGKQ;cg24716664:AP2A2;cg26216760:IQSEC3,CpGs were mapped to genes using UCSC_RefGene_Name from IlluminaHumanMethylationEPICanno.ilm10b4.hg19; one CpG may map to multiple genes.,Default clusterProfiler::enrichGO background used in the current analysis.,Top 1000 CpGs from the SOLAR supervised importance ranking.,SOLAR supervised importance scores aggregate contributions across the inferred latent factors.
GO:0006898,receptor-mediated endocytosis,18/501,271/18842,2.4980003093444108,3.624783326620874e-4,0.040375430861389734,0.04037543086138974,18,18,19,AP2A2;ARHGEF37;DGKD;DNM2;EFNB2;EGF;IQSEC3;ITGB2;ITSN2;NEDD4L;NRG1;PLXNB2;RAC1;RAMP1;SCARF1;STON2;TNK2;VAC14,cg00539654;cg01338459;cg01784548;cg02870676;cg02937491;cg04007989;cg08201451;cg09268718;cg10846682;cg16934124;cg18658141;cg19955173;cg20155446;cg20954746;cg21078144;cg23041250;cg24716664;cg26216760;cg27103348,cg00539654:EGF;cg01338459:NRG1;cg01784548:RAC1;cg02870676:NEDD4L;cg02937491:NEDD4L;cg04007989:ITSN2;cg08201451:VAC14;cg09268718:SCARF1;cg10846682:RAMP1;cg16934124:DNM2;cg18658141:ARHGEF37;cg19955173:TNK2;cg20155446:EFNB2;cg20954746:DGKD;cg21078144:STON2;cg23041250:PLXNB2;cg24716664:AP2A2;cg26216760:IQSEC3;cg27103348:ITGB2,CpGs were mapped to genes using UCSC_RefGene_Name from IlluminaHumanMethylationEPICanno.ilm10b4.hg19; one CpG may map to multiple genes.,Default clusterProfiler::enrichGO background used in the current analysis.,Top 1000 CpGs from the SOLAR supervised importance ranking.,SOLAR supervised importance scores aggregate contributions across the inferred latent factors.
GO:0007043,cell-cell junction assembly,12/501,142/18842,3.1782069663489922,4.176737103858214e-4,0.040375430861389734,0.04037543086138974,12,12,16,CTNNA1;ECT2;F11R;MICALL2;PECAM1;PKN2;PKP3;PKP4;PRKCH;RAC1;TBCD;VCL,cg00755791;cg01423643;cg01771850;cg01784548;cg02759751;cg04126662;cg06022562;cg08616951;cg10583473;cg13416893;cg20194367;cg20452287;cg22170599;cg24789365;cg25357598;cg26015374,cg00755791:VCL;cg01423643:F11R;cg01771850:TBCD;cg01784548:RAC1;cg02759751:MICALL2;cg04126662:PECAM1;cg06022562:TBCD;cg08616951:PKP3;cg10583473:MICALL2;cg13416893:TBCD;cg20194367:PRKCH;cg20452287:PKP4;cg22170599:F11R;cg24789365:PKN2;cg25357598:ECT2;cg26015374:CTNNA1,CpGs were mapped to genes using UCSC_RefGene_Name from IlluminaHumanMethylationEPICanno.ilm10b4.hg19; one CpG may map to multiple genes.,Default clusterProfiler::enrichGO background used in the current analysis.,Top 1000 CpGs from the SOLAR supervised importance ranking.,SOLAR supervised importance scores aggregate contributions across the inferred latent factors.
GO:0010586,miRNA metabolic process,10/501,103/18842,3.6513381004980334,4.1765573315357676e-4,0.040375430861389734,0.04037543086138974,10,10,11,EGFR;NCOR2;NFIB;PARN;PPARA;PPARD;SMAD1;SMAD3;SPI1;STAT3,cg00476906;cg01539849;cg03196376;cg07115955;cg07954091;cg10002850;cg14515506;cg18204017;cg19679123;cg23159233;cg23731272,cg00476906:STAT3;cg01539849:SPI1;cg03196376:SMAD1;cg07115955:PARN;cg07954091:NCOR2;cg10002850:EGFR;cg14515506:NFIB;cg18204017:PPARD;cg19679123:SMAD3;cg23159233:PPARA;cg23731272:SMAD3,CpGs were mapped to genes using UCSC_RefGene_Name from IlluminaHumanMethylationEPICanno.ilm10b4.hg19; one CpG may map to multiple genes.,Default clusterProfiler::enrichGO background used in the current analysis.,Top 1000 CpGs from the SOLAR supervised importance ranking.,SOLAR supervised importance scores aggregate contributions across the inferred latent factors.
GO:0030038,contractile actin filament bundle assembly,10/501,103/18842,3.6513381004980334,4.1765573315357676e-4,0.040375430861389734,0.04037543086138974,10,10,12,DNM2;EPHA1;F11R;LIMK1;NF2;RAC1;SMAD3;SRC;SYNPO;TGFBR1,cg00774600;cg01423643;cg01784548;cg05385805;cg09831373;cg16934124;cg17281406;cg19679123;cg19757422;cg22170599;cg23731272;cg23969269,cg00774600:TGFBR1;cg01423643:F11R;cg01784548:RAC1;cg05385805:EPHA1;cg09831373:NF2;cg16934124:DNM2;cg17281406:LIMK1;cg19679123:SMAD3;cg19757422:SRC;cg22170599:F11R;cg23731272:SMAD3;cg23969269:SYNPO,CpGs were mapped to genes using UCSC_RefGene_Name from IlluminaHumanMethylationEPICanno.ilm10b4.hg19; one CpG may map to multiple genes.,Default clusterProfiler::enrichGO background used in the current analysis.,Top 1000 CpGs from the SOLAR supervised importance ranking.,SOLAR supervised importance scores aggregate contributions across the inferred latent factors.
GO:0031960,response to corticosteroid,12/501,142/18842,3.1782069663489922,4.176737103858214e-4,0.040375430861389734,0.04037543086138974,12,12,9,HCN2;IGFBP2;POR;SCNN1A;SSTR5;UBE2L3;UGT1A10;UGT1A6;UGT1A7;UGT1A8;UGT1A9;ZFP36L1,cg06422039;cg06617636;cg09042884;cg10628201;cg11785537;cg12318049;cg18820295;cg19043450;cg23151191,cg06422039:SSTR5;cg06617636:ZFP36L1;cg09042884:SCNN1A;cg10628201:UBE2L3;cg11785537:SCNN1A;cg12318049:POR;cg18820295:UGT1A10;cg18820295:UGT1A6;cg18820295:UGT1A7;cg18820295:UGT1A8;cg18820295:UGT1A9;cg19043450:HCN2;cg23151191:IGFBP2,CpGs were mapped to genes using UCSC_RefGene_Name from IlluminaHumanMethylationEPICanno.ilm10b4.hg19; one CpG may map to multiple genes.,Default clusterProfiler::enrichGO background used in the current analysis.,Top 1000 CpGs from the SOLAR supervised importance ranking.,SOLAR supervised importance scores aggregate contributions across the inferred latent factors.
GO:0036465,synaptic vesicle recycling,9/501,84/18842,4.029512403763901,3.8836401493415047e-4,0.040375430861389734,0.04037543086138974,9,9,9,AP2A2;CTBP1;DGKQ;DNM2;DNM3;ITSN2;RAC1;SCRIB;STON2,cg01784548;cg04007989;cg05710651;cg08005809;cg14508705;cg16934124;cg21078144;cg21790314;cg24716664,cg01784548:RAC1;cg04007989:ITSN2;cg05710651:CTBP1;cg08005809:SCRIB;cg14508705:DNM3;cg16934124:DNM2;cg21078144:STON2;cg21790314:DGKQ;cg24716664:AP2A2,CpGs were mapped to genes using UCSC_RefGene_Name from IlluminaHumanMethylationEPICanno.ilm10b4.hg19; one CpG may map to multiple genes.,Default clusterProfiler::enrichGO background used in the current analysis.,Top 1000 CpGs from the SOLAR supervised importance ranking.,SOLAR supervised importance scores aggregate contributions across the inferred latent factors.
GO:0042060,wound healing,23/501,394/18842,2.19543653809133,3.8518225907365877e-4,0.040375430861389734,0.04037543086138974,23,23,26,AJAP1;ANGPTL2;ANO6;CHMP3;COL5A1;DDR1;DGKD;DGKQ;ERBB2;F11R;ITPK1;MCAM;NFE2L2;NRG1;PRKCQ;PRRG2;RASA3;SMAD3;SMOC2;SRC;TGFBR1;VCL;YAP1,cg00755791;cg00774600;cg01338459;cg01423643;cg03270204;cg04656889;cg05512684;cg05722944;cg08556511;cg11002420;cg13508369;cg13514641;cg14924715;cg15605704;cg17541290;cg19679123;cg19757422;cg20954746;cg21790314;cg22170599;cg22797953;cg23731272;cg23954890;cg25268435;cg25351437;cg26651525,cg00755791:VCL;cg00774600:TGFBR1;cg01338459:NRG1;cg01423643:F11R;cg03270204:DDR1;cg04656889:ERBB2;cg05512684:ERBB2;cg05722944:PRRG2;cg08556511:YAP1;cg11002420:MCAM;cg13508369:ANGPTL2;cg13514641:CHMP3;cg14924715:SMOC2;cg15605704:AJAP1;cg17541290:RASA3;cg19679123:SMAD3;cg19757422:SRC;cg20954746:DGKD;cg21790314:DGKQ;cg22170599:F11R;cg22797953:COL5A1;cg23731272:SMAD3;cg23954890:ANO6;cg25268435:NFE2L2;cg25351437:PRKCQ;cg26651525:ITPK1,CpGs were mapped to genes using UCSC_RefGene_Name from IlluminaHumanMethylationEPICanno.ilm10b4.hg19; one CpG may map to multiple genes.,Default clusterProfiler::enrichGO background used in the current analysis.,Top 1000 CpGs from the SOLAR supervised importance ranking.,SOLAR supervised importance scores aggregate contributions across the inferred latent factors.
GO:0043087,regulation of GTPase activity,11/501,119/18842,3.476442073835522,3.34647790159117e-4,0.040375430861389734,0.04037543086138974,11,11,12,ADAP1;ARHGEF16;DOCK9;ECT2;EVI5L;PLXNB2;PROM2;RASGRP2;RGS10;SCRIB;SH3BP4,cg02807227;cg05581264;cg08005809;cg12603173;cg13462547;cg17804342;cg19637357;cg23041250;cg23729407;cg24371534;cg25241038;cg25357598,cg02807227:SH3BP4;cg05581264:ADAP1;cg08005809:SCRIB;cg12603173:RASGRP2;cg13462547:DOCK9;cg17804342:RGS10;cg19637357:EVI5L;cg23041250:PLXNB2;cg23729407:SH3BP4;cg24371534:ARHGEF16;cg25241038:PROM2;cg25357598:ECT2,CpGs were mapped to genes using UCSC_RefGene_Name from IlluminaHumanMethylationEPICanno.ilm10b4.hg19; one CpG may map to multiple genes.,Default clusterProfiler::enrichGO background used in the current analysis.,Top 1000 CpGs from the SOLAR supervised importance ranking.,SOLAR supervised importance scores aggregate contributions across the inferred latent factors.
GO:0043149,stress fiber assembly,10/501,103/18842,3.6513381004980334,4.1765573315357676e-4,0.040375430861389734,0.04037543086138974,10,10,12,DNM2;EPHA1;F11R;LIMK1;NF2;RAC1;SMAD3;SRC;SYNPO;TGFBR1,cg00774600;cg01423643;cg01784548;cg05385805;cg09831373;cg16934124;cg17281406;cg19679123;cg19757422;cg22170599;cg23731272;cg23969269,cg00774600:TGFBR1;cg01423643:F11R;cg01784548:RAC1;cg05385805:EPHA1;cg09831373:NF2;cg16934124:DNM2;cg17281406:LIMK1;cg19679123:SMAD3;cg19757422:SRC;cg22170599:F11R;cg23731272:SMAD3;cg23969269:SYNPO,CpGs were mapped to genes using UCSC_RefGene_Name from IlluminaHumanMethylationEPICanno.ilm10b4.hg19; one CpG may map to multiple genes.,Default clusterProfiler::enrichGO background used in the current analysis.,Top 1000 CpGs from the SOLAR supervised importance ranking.,SOLAR supervised importance scores aggregate contributions across the inferred latent factors.
GO:0044093,positive regulation of molecular function,22/501,366/18842,2.260637195554247,3.444173425090085e-4,0.040375430861389734,0.04037543086138974,22,22,24,AGAP2;ARHGEF16;BCAS3;CARD14;DNAJB2;DOCK9;ECT2;EGF;ERBB2;EVI5L;FGFR2;GCH1;IDE;LTBR;MST1R;NRG1;PRKAR1A;RASGRP2;RGS10;SCRIB;SKI;TRAF4,cg00293331;cg00539654;cg01087977;cg01338459;cg01834979;cg04656889;cg05118976;cg05512684;cg06314111;cg08005809;cg09042884;cg11839681;cg12252222;cg12580943;cg12603173;cg13462547;cg15910686;cg17804342;cg19637357;cg21386995;cg22435132;cg24371534;cg25357598;cg26301078,cg00293331:FGFR2;cg00539654:EGF;cg01087977:DNAJB2;cg01338459:NRG1;cg01834979:AGAP2;cg04656889:ERBB2;cg05118976:GCH1;cg05512684:ERBB2;cg06314111:AGAP2;cg08005809:SCRIB;cg09042884:LTBR;cg11839681:MST1R;cg12252222:PRKAR1A;cg12580943:SKI;cg12603173:RASGRP2;cg13462547:DOCK9;cg15910686:CARD14;cg17804342:RGS10;cg19637357:EVI5L;cg21386995:TRAF4;cg22435132:BCAS3;cg24371534:ARHGEF16;cg25357598:ECT2;cg26301078:IDE,CpGs were mapped to genes using UCSC_RefGene_Name from IlluminaHumanMethylationEPICanno.ilm10b4.hg19; one CpG may map to multiple genes.,Default clusterProfiler::enrichGO background used in the current analysis.,Top 1000 CpGs from the SOLAR supervised importance ranking.,SOLAR supervised importance scores aggregate contributions across the inferred latent factors.
GO:0060043,regulation of cardiac muscle cell proliferation,6/501,37/18842,6.098721475966986,3.956693951534477e-4,0.040375430861389734,0.04037543086138974,6,6,6,FGFR2;NRG1;RUNX1;TGFBR1;TP73;YAP1,cg00293331;cg00774600;cg01338459;cg01560665;cg08556511;cg20628743,cg00293331:FGFR2;cg00774600:TGFBR1;cg01338459:NRG1;cg01560665:RUNX1;cg08556511:YAP1;cg20628743:TP73,CpGs were mapped to genes using UCSC_RefGene_Name from IlluminaHumanMethylationEPICanno.ilm10b4.hg19; one CpG may map to multiple genes.,Default clusterProfiler::enrichGO background used in the current analysis.,Top 1000 CpGs from the SOLAR supervised importance ranking.,SOLAR supervised importance scores aggregate contributions across the inferred latent factors.
GO:0071383,cellular response to steroid hormone stimulus,15/501,205/18842,2.751862129399737,4.024441837755192e-4,0.040375430861389734,0.04037543086138974,15,15,12,HCN2;NCOR2;PPARA;PPARD;SCGB2A1;SCNN1A;SRC;SSTR5;UBE2L3;UGT1A10;UGT1A6;UGT1A7;UGT1A8;UGT1A9;ZFP36L1,cg06334737;cg06422039;cg06617636;cg07954091;cg09042884;cg10628201;cg11785537;cg18204017;cg18820295;cg19043450;cg19757422;cg23159233,cg06334737:SCGB2A1;cg06422039:SSTR5;cg06617636:ZFP36L1;cg07954091:NCOR2;cg09042884:SCNN1A;cg10628201:UBE2L3;cg11785537:SCNN1A;cg18204017:PPARD;cg18820295:UGT1A10;cg18820295:UGT1A6;cg18820295:UGT1A7;cg18820295:UGT1A8;cg18820295:UGT1A9;cg19043450:HCN2;cg19757422:SRC;cg23159233:PPARA,CpGs were mapped to genes using UCSC_RefGene_Name from IlluminaHumanMethylationEPICanno.ilm10b4.hg19; one CpG may map to multiple genes.,Default clusterProfiler::enrichGO background used in the current analysis.,Top 1000 CpGs from the SOLAR supervised importance ranking.,SOLAR supervised importance scores aggregate contributions across the inferred latent factors.
GO:0110053,regulation of actin filament organization,17/501,251/18842,2.5472083721004206,4.188607623375466e-4,0.040375430861389734,0.04037543086138974,17,17,21,CCL24;CX3CL1;EPHA1;EPS8;F11R;FLII;HCK;LIMA1;LIMK1;NF2;RAC1;SMAD3;SVIL;SWAP70;SYNPO;TGFBR1;TMOD3,cg00061185;cg00774600;cg01423643;cg01784548;cg05385805;cg06399901;cg07121438;cg09065575;cg09181437;cg09287650;cg09831373;cg10023915;cg10231182;cg17281406;cg17315454;cg19679123;cg20427865;cg22170599;cg23731272;cg23969269;cg26771272,cg00061185:LIMA1;cg00774600:TGFBR1;cg01423643:F11R;cg01784548:RAC1;cg05385805:EPHA1;cg06399901:LIMA1;cg07121438:HCK;cg09065575:TMOD3;cg09181437:HCK;cg09287650:SVIL;cg09831373:NF2;cg10023915:SWAP70;cg10231182:EPS8;cg17281406:LIMK1;cg17315454:CCL24;cg19679123:SMAD3;cg20427865:CX3CL1;cg22170599:F11R;cg23731272:SMAD3;cg23969269:SYNPO;cg26771272:FLII,CpGs were mapped to genes using UCSC_RefGene_Name from IlluminaHumanMethylationEPICanno.ilm10b4.hg19; one CpG may map to multiple genes.,Default clusterProfiler::enrichGO background used in the current analysis.,Top 1000 CpGs from the SOLAR supervised importance ranking.,SOLAR supervised importance scores aggregate contributions across the inferred latent factors.
GO:0150105,protein localization to cell-cell junction,5/501,24/18842,7.835163007318696,3.643030864639633e-4,0.040375430861389734,0.04037543086138974,5,5,6,CTNND1;F11R;PECAM1;SCRIB;VCL,cg00755791;cg01423643;cg04126662;cg08005809;cg15213052;cg22170599,cg00755791:VCL;cg01423643:F11R;cg04126662:PECAM1;cg08005809:SCRIB;cg15213052:CTNND1;cg22170599:F11R,CpGs were mapped to genes using UCSC_RefGene_Name from IlluminaHumanMethylationEPICanno.ilm10b4.hg19; one CpG may map to multiple genes.,Default clusterProfiler::enrichGO background used in the current analysis.,Top 1000 CpGs from the SOLAR supervised importance ranking.,SOLAR supervised importance scores aggregate contributions across the inferred latent factors.
GO:1902905,positive regulation of supramolecular fiber organization,13/501,160/18842,3.0557135728542915,3.5712133702744936e-4,0.040375430861389734,0.04037543086138974,13,13,17,CCL24;CX3CL1;EPHA1;HCK;LIMA1;LIMK1;NF2;NUMA1;RAC1;SMAD3;SWAP70;SYNPO;TGFBR1,cg00061185;cg00774600;cg01784548;cg05385805;cg06399901;cg07121438;cg07999415;cg09181437;cg09831373;cg10023915;cg14705010;cg17281406;cg17315454;cg19679123;cg20427865;cg23731272;cg23969269,cg00061185:LIMA1;cg00774600:TGFBR1;cg01784548:RAC1;cg05385805:EPHA1;cg06399901:LIMA1;cg07121438:HCK;cg07999415:NUMA1;cg09181437:HCK;cg09831373:NF2;cg10023915:SWAP70;cg14705010:NUMA1;cg17281406:LIMK1;cg17315454:CCL24;cg19679123:SMAD3;cg20427865:CX3CL1;cg23731272:SMAD3;cg23969269:SYNPO,CpGs were mapped to genes using UCSC_RefGene_Name from IlluminaHumanMethylationEPICanno.ilm10b4.hg19; one CpG may map to multiple genes.,Default clusterProfiler::enrichGO background used in the current analysis.,Top 1000 CpGs from the SOLAR supervised importance ranking.,SOLAR supervised importance scores aggregate contributions across the inferred latent factors.
GO:0007173,epidermal growth factor receptor signaling pathway,11/501,126/18842,3.283306403066882,5.462641769125457e-4,0.043928652232406315,0.043928652232406315,11,11,12,AFAP1L2;CBLC;DGKD;DGKQ;EGF;EGFR;ERBB2;FBXW7;RHBDF1;SRC;TGFA,cg00524773;cg00539654;cg02465859;cg04656889;cg05512684;cg10002850;cg19757422;cg20954746;cg21790314;cg21987515;cg22780475;cg24804622,cg00524773:RHBDF1;cg00539654:EGF;cg02465859:AFAP1L2;cg04656889:ERBB2;cg05512684:ERBB2;cg10002850:EGFR;cg19757422:SRC;cg20954746:DGKD;cg21790314:DGKQ;cg21987515:FBXW7;cg22780475:CBLC;cg24804622:TGFA,CpGs were mapped to genes using UCSC_RefGene_Name from IlluminaHumanMethylationEPICanno.ilm10b4.hg19; one CpG may map to multiple genes.,Default clusterProfiler::enrichGO background used in the current analysis.,Top 1000 CpGs from the SOLAR supervised importance ranking.,SOLAR supervised importance scores aggregate contributions across the inferred latent factors.
GO:0030812,negative regulation of nucleotide catabolic process,4/501,15/18842,10.02900864936793,5.338733938999202e-4,0.043928652232406315,0.043928652232406315,4,4,5,CBFA2T3;HDAC4;NUPR1;PPARA,cg05779527;cg15149645;cg17939889;cg23159233;cg27168632,cg05779527:CBFA2T3;cg15149645:NUPR1;cg17939889:HDAC4;cg23159233:PPARA;cg27168632:HDAC4,CpGs were mapped to genes using UCSC_RefGene_Name from IlluminaHumanMethylationEPICanno.ilm10b4.hg19; one CpG may map to multiple genes.,Default clusterProfiler::enrichGO background used in the current analysis.,Top 1000 CpGs from the SOLAR supervised importance ranking.,SOLAR supervised importance scores aggregate contributions across the inferred latent factors.
GO:0033122,negative regulation of purine nucleotide catabolic process,4/501,15/18842,10.02900864936793,5.338733938999202e-4,0.043928652232406315,0.043928652232406315,4,4,5,CBFA2T3;HDAC4;NUPR1;PPARA,cg05779527;cg15149645;cg17939889;cg23159233;cg27168632,cg05779527:CBFA2T3;cg15149645:NUPR1;cg17939889:HDAC4;cg23159233:PPARA;cg27168632:HDAC4,CpGs were mapped to genes using UCSC_RefGene_Name from IlluminaHumanMethylationEPICanno.ilm10b4.hg19; one CpG may map to multiple genes.,Default clusterProfiler::enrichGO background used in the current analysis.,Top 1000 CpGs from the SOLAR supervised importance ranking.,SOLAR supervised importance scores aggregate contributions across the inferred latent factors.
GO:0035148,tube formation,8/501,70/18842,4.298146564014827,5.252975797090472e-4,0.043928652232406315,0.043928652232406315,8,8,9,EGF;FGFR2;KDM2B;MTHFD1L;PIK3CD;PLXNB2;SCRIB;SKI,cg00293331;cg00539654;cg06024930;cg08005809;cg08854008;cg12580943;cg21166985;cg22503444;cg23041250,cg00293331:FGFR2;cg00539654:EGF;cg06024930:KDM2B;cg08005809:SCRIB;cg08854008:PIK3CD;cg12580943:SKI;cg21166985:KDM2B;cg22503444:MTHFD1L;cg23041250:PLXNB2,CpGs were mapped to genes using UCSC_RefGene_Name from IlluminaHumanMethylationEPICanno.ilm10b4.hg19; one CpG may map to multiple genes.,Default clusterProfiler::enrichGO background used in the current analysis.,Top 1000 CpGs from the SOLAR supervised importance ranking.,SOLAR supervised importance scores aggregate contributions across the inferred latent factors.
GO:0038127,ERBB signaling pathway,12/501,146/18842,3.091132802887376,5.371012847293851e-4,0.043928652232406315,0.043928652232406315,12,12,13,AFAP1L2;CBLC;DGKD;DGKQ;EGF;EGFR;ERBB2;FBXW7;NRG1;RHBDF1;SRC;TGFA,cg00524773;cg00539654;cg01338459;cg02465859;cg04656889;cg05512684;cg10002850;cg19757422;cg20954746;cg21790314;cg21987515;cg22780475;cg24804622,cg00524773:RHBDF1;cg00539654:EGF;cg01338459:NRG1;cg02465859:AFAP1L2;cg04656889:ERBB2;cg05512684:ERBB2;cg10002850:EGFR;cg19757422:SRC;cg20954746:DGKD;cg21790314:DGKQ;cg21987515:FBXW7;cg22780475:CBLC;cg24804622:TGFA,CpGs were mapped to genes using UCSC_RefGene_Name from IlluminaHumanMethylationEPICanno.ilm10b4.hg19; one CpG may map to multiple genes.,Default clusterProfiler::enrichGO background used in the current analysis.,Top 1000 CpGs from the SOLAR supervised importance ranking.,SOLAR supervised importance scores aggregate contributions across the inferred latent factors.
GO:0042063,gliogenesis,16/501,234/18842,2.5715406793251105,5.528435825166781e-4,0.043928652232406315,0.043928652232406315,16,16,17,ANO1;CDK6;CHRM1;CX3CL1;E2F1;ERBB2;IL34;LAMB1;NCMAP;NF2;NFIB;PRKCH;PRKCI;SKI;STAT3;SYNE2,cg00476906;cg01176141;cg01284189;cg03360944;cg04272265;cg04656889;cg05512684;cg06289725;cg09831373;cg12580943;cg14471624;cg14515506;cg16123938;cg19593285;cg20194367;cg20427865;cg21615907,cg00476906:STAT3;cg01176141:ANO1;cg01284189:NCMAP;cg03360944:CDK6;cg04272265:IL34;cg04656889:ERBB2;cg05512684:ERBB2;cg06289725:CHRM1;cg09831373:NF2;cg12580943:SKI;cg14471624:PRKCI;cg14515506:NFIB;cg16123938:LAMB1;cg19593285:E2F1;cg20194367:PRKCH;cg20427865:CX3CL1;cg21615907:SYNE2,CpGs were mapped to genes using UCSC_RefGene_Name from IlluminaHumanMethylationEPICanno.ilm10b4.hg19; one CpG may map to multiple genes.,Default clusterProfiler::enrichGO background used in the current analysis.,Top 1000 CpGs from the SOLAR supervised importance ranking.,SOLAR supervised importance scores aggregate contributions across the inferred latent factors.
GO:0045820,negative regulation of glycolytic process,4/501,15/18842,10.02900864936793,5.338733938999202e-4,0.043928652232406315,0.043928652232406315,4,4,5,CBFA2T3;HDAC4;NUPR1;PPARA,cg05779527;cg15149645;cg17939889;cg23159233;cg27168632,cg05779527:CBFA2T3;cg15149645:NUPR1;cg17939889:HDAC4;cg23159233:PPARA;cg27168632:HDAC4,CpGs were mapped to genes using UCSC_RefGene_Name from IlluminaHumanMethylationEPICanno.ilm10b4.hg19; one CpG may map to multiple genes.,Default clusterProfiler::enrichGO background used in the current analysis.,Top 1000 CpGs from the SOLAR supervised importance ranking.,SOLAR supervised importance scores aggregate contributions across the inferred latent factors.
GO:0048705,skeletal system morphogenesis,10/501,106/18842,3.547998342936768,5.254640960824784e-4,0.043928652232406315,0.043928652232406315,10,10,16,ANKRD11;COL5A1;FGFR2;HOXA3;MTHFD1L;POR;RARG;SKI;TGFBR1;WWOX,cg00232731;cg00293331;cg00774600;cg00921266;cg02317358;cg08101036;cg09107344;cg10592478;cg12318049;cg12580943;cg13937905;cg14216068;cg16406967;cg18680977;cg22503444;cg22797953,cg00232731:ANKRD11;cg00293331:FGFR2;cg00774600:TGFBR1;cg00921266:HOXA3;cg02317358:WWOX;cg08101036:HOXA3;cg09107344:RARG;cg10592478:RARG;cg12318049:POR;cg12580943:SKI;cg13937905:RARG;cg14216068:HOXA3;cg16406967:HOXA3;cg18680977:HOXA3;cg22503444:MTHFD1L;cg22797953:COL5A1,CpGs were mapped to genes using UCSC_RefGene_Name from IlluminaHumanMethylationEPICanno.ilm10b4.hg19; one CpG may map to multiple genes.,Default clusterProfiler::enrichGO background used in the current analysis.,Top 1000 CpGs from the SOLAR supervised importance ranking.,SOLAR supervised importance scores aggregate contributions across the inferred latent factors.
GO:0055021,regulation of cardiac muscle tissue growth,7/501,54/18842,4.8752125378871884,5.412118654305831e-4,0.043928652232406315,0.043928652232406315,7,7,7,FGFR2;NRG1;PPARA;RUNX1;TGFBR1;TP73;YAP1,cg00293331;cg00774600;cg01338459;cg01560665;cg08556511;cg20628743;cg23159233,cg00293331:FGFR2;cg00774600:TGFBR1;cg01338459:NRG1;cg01560665:RUNX1;cg08556511:YAP1;cg20628743:TP73;cg23159233:PPARA,CpGs were mapped to genes using UCSC_RefGene_Name from IlluminaHumanMethylationEPICanno.ilm10b4.hg19; one CpG may map to multiple genes.,Default clusterProfiler::enrichGO background used in the current analysis.,Top 1000 CpGs from the SOLAR supervised importance ranking.,SOLAR supervised importance scores aggregate contributions across the inferred latent factors.
GO:0070830,bicellular tight junction assembly,7/501,53/18842,4.967197680111475,4.819295881729997e-4,0.043928652232406315,0.043928652232406315,7,7,11,ECT2;F11R;MICALL2;PECAM1;PRKCH;RAC1;TBCD,cg01423643;cg01771850;cg01784548;cg02759751;cg04126662;cg06022562;cg10583473;cg13416893;cg20194367;cg22170599;cg25357598,cg01423643:F11R;cg01771850:TBCD;cg01784548:RAC1;cg02759751:MICALL2;cg04126662:PECAM1;cg06022562:TBCD;cg10583473:MICALL2;cg13416893:TBCD;cg20194367:PRKCH;cg22170599:F11R;cg25357598:ECT2,CpGs were mapped to genes using UCSC_RefGene_Name from IlluminaHumanMethylationEPICanno.ilm10b4.hg19; one CpG may map to multiple genes.,Default clusterProfiler::enrichGO background used in the current analysis.,Top 1000 CpGs from the SOLAR supervised importance ranking.,SOLAR supervised importance scores aggregate contributions across the inferred latent factors.
GO:0071375,cellular response to peptide hormone stimulus,20/501,325/18842,2.3143866113925995,4.697263729536755e-4,0.043928652232406315,0.043928652232406315,20,20,21,ADCY3;CACNA2D3;HDAC5;IDE;JAK3;KLF3;LPIN1;NFE2L2;PIK3R3;POR;PRKAR1A;PRKCI;PRKCQ;PRKCZ;PTPRE;SCNN1A;SRC;STAT3;TBC1D4;ZFP36L1,cg00300046;cg00476906;cg01210354;cg05796838;cg06617636;cg08688543;cg09042884;cg09692364;cg11785537;cg12252222;cg12318049;cg12728836;cg14471624;cg15227791;cg19452633;cg19757422;cg20227471;cg21005237;cg25268435;cg25351437;cg26301078,cg00300046:PRKCZ;cg00476906:STAT3;cg01210354:LPIN1;cg05796838:JAK3;cg06617636:ZFP36L1;cg08688543:CACNA2D3;cg09042884:SCNN1A;cg09692364:TBC1D4;cg11785537:SCNN1A;cg12252222:PRKAR1A;cg12318049:POR;cg12728836:KLF3;cg14471624:PRKCI;cg15227791:PTPRE;cg19452633:HDAC5;cg19757422:SRC;cg20227471:ADCY3;cg21005237:PIK3R3;cg25268435:NFE2L2;cg25351437:PRKCQ;cg26301078:IDE,CpGs were mapped to genes using UCSC_RefGene_Name from IlluminaHumanMethylationEPICanno.ilm10b4.hg19; one CpG may map to multiple genes.,Default clusterProfiler::enrichGO background used in the current analysis.,Top 1000 CpGs from the SOLAR supervised importance ranking.,SOLAR supervised importance scores aggregate contributions across the inferred latent factors.
GO:0120193,tight junction organization,8/501,69/18842,4.360438543203448,4.7614681362924107e-4,0.043928652232406315,0.043928652232406315,8,8,12,ECT2;F11R;MICALL2;PECAM1;PRKCH;RAC1;TBCD;TGFBR1,cg00774600;cg01423643;cg01771850;cg01784548;cg02759751;cg04126662;cg06022562;cg10583473;cg13416893;cg20194367;cg22170599;cg25357598,cg00774600:TGFBR1;cg01423643:F11R;cg01771850:TBCD;cg01784548:RAC1;cg02759751:MICALL2;cg04126662:PECAM1;cg06022562:TBCD;cg10583473:MICALL2;cg13416893:TBCD;cg20194367:PRKCH;cg22170599:F11R;cg25357598:ECT2,CpGs were mapped to genes using UCSC_RefGene_Name from IlluminaHumanMethylationEPICanno.ilm10b4.hg19; one CpG may map to multiple genes.,Default clusterProfiler::enrichGO background used in the current analysis.,Top 1000 CpGs from the SOLAR supervised importance ranking.,SOLAR supervised importance scores aggregate contributions across the inferred latent factors.
GO:2000628,regulation of miRNA metabolic process,9/501,87/18842,3.890563700185835,5.044693197054473e-4,0.043928652232406315,0.043928652232406315,9,9,10,EGFR;NCOR2;NFIB;PPARA;PPARD;SMAD1;SMAD3;SPI1;STAT3,cg00476906;cg01539849;cg03196376;cg07954091;cg10002850;cg14515506;cg18204017;cg19679123;cg23159233;cg23731272,cg00476906:STAT3;cg01539849:SPI1;cg03196376:SMAD1;cg07954091:NCOR2;cg10002850:EGFR;cg14515506:NFIB;cg18204017:PPARD;cg19679123:SMAD3;cg23159233:PPARA;cg23731272:SMAD3,CpGs were mapped to genes using UCSC_RefGene_Name from IlluminaHumanMethylationEPICanno.ilm10b4.hg19; one CpG may map to multiple genes.,Default clusterProfiler::enrichGO background used in the current analysis.,Top 1000 CpGs from the SOLAR supervised importance ranking.,SOLAR supervised importance scores aggregate contributions across the inferred latent factors.
GO:0048589,developmental growth,22/501,381/18842,2.1716357311623473,5.926033922819429e-4,0.046460105954904324,0.04646010595490432,22,22,28,CPQ;DNM2;EYS;FGFR2;FTO;ITSN2;LIMK1;NEDD4L;NRG1;NRN1L;POR;PPARA;PPARD;PSAP;RARG;RUNX1;SEMA3F;SKI;SORBS2;TGFBR1;TP73;YAP1,cg00293331;cg00450381;cg00774600;cg01068601;cg01338459;cg01560665;cg02792822;cg02870676;cg02937491;cg04007989;cg07969202;cg08556511;cg09107344;cg09881261;cg10062945;cg10574499;cg10592478;cg11538119;cg12318049;cg12580943;cg13937905;cg15164711;cg16934124;cg17281406;cg18204017;cg20628743;cg22191325;cg23159233,cg00293331:FGFR2;cg00450381:EYS;cg00774600:TGFBR1;cg01068601:NRN1L;cg01338459:NRG1;cg01560665:RUNX1;cg02792822:PSAP;cg02870676:NEDD4L;cg02937491:NEDD4L;cg04007989:ITSN2;cg07969202:SEMA3F;cg08556511:YAP1;cg09107344:RARG;cg09881261:SORBS2;cg10062945:EYS;cg10574499:NRN1L;cg10592478:RARG;cg11538119:SORBS2;cg12318049:POR;cg12580943:SKI;cg13937905:RARG;cg15164711:FTO;cg16934124:DNM2;cg17281406:LIMK1;cg18204017:PPARD;cg20628743:TP73;cg22191325:CPQ;cg23159233:PPARA,CpGs were mapped to genes using UCSC_RefGene_Name from IlluminaHumanMethylationEPICanno.ilm10b4.hg19; one CpG may map to multiple genes.,Default clusterProfiler::enrichGO background used in the current analysis.,Top 1000 CpGs from the SOLAR supervised importance ranking.,SOLAR supervised importance scores aggregate contributions across the inferred latent factors.
GO:0035023,regulation of Rho protein signal transduction,9/501,90/18842,3.7608782435129737,6.476377970965573e-4,0.04947808898734108,0.04947808898734109,9,9,11,ARHGEF16;ARHGEF3;DOCK9;EPS8;ERBB2;F11R;PKP4;RAC1;STARD13,cg01423643;cg01784548;cg04656889;cg05512684;cg10231182;cg10654948;cg13462547;cg20452287;cg22170599;cg24371534;cg25322698,cg01423643:F11R;cg01784548:RAC1;cg04656889:ERBB2;cg05512684:ERBB2;cg10231182:EPS8;cg10654948:STARD13;cg13462547:DOCK9;cg20452287:PKP4;cg22170599:F11R;cg24371534:ARHGEF16;cg25322698:ARHGEF3,CpGs were mapped to genes using UCSC_RefGene_Name from IlluminaHumanMethylationEPICanno.ilm10b4.hg19; one CpG may map to multiple genes.,Default clusterProfiler::enrichGO background used in the current analysis.,Top 1000 CpGs from the SOLAR supervised importance ranking.,SOLAR supervised importance scores aggregate contributions across the inferred latent factors.
GO:1902894,negative regulation of miRNA transcription,5/501,27/18842,6.964589339838841,6.479273557866094e-4,0.04947808898734108,0.04947808898734109,5,5,6,NCOR2;NFIB;PPARA;PPARD;SMAD3,cg07954091;cg14515506;cg18204017;cg19679123;cg23159233;cg23731272,cg07954091:NCOR2;cg14515506:NFIB;cg18204017:PPARD;cg19679123:SMAD3;cg23159233:PPARA;cg23731272:SMAD3,CpGs were mapped to genes using UCSC_RefGene_Name from IlluminaHumanMethylationEPICanno.ilm10b4.hg19; one CpG may map to multiple genes.,Default clusterProfiler::enrichGO background used in the current analysis.,Top 1000 CpGs from the SOLAR supervised importance ranking.,SOLAR supervised importance scores aggregate contributions across the inferred latent factors.
GO:0043085,positive regulation of catalytic activity,18/501,285/18842,2.3752915222187205,6.575214571235399e-4,0.04956700215238993,0.049567002152389926,18,18,20,AGAP2;ARHGEF16;BCAS3;CARD14;DOCK9;ECT2;ERBB2;EVI5L;FGFR2;GCH1;LTBR;MST1R;NRG1;PRKAR1A;RASGRP2;RGS10;SCRIB;TRAF4,cg00293331;cg01338459;cg01834979;cg04656889;cg05118976;cg05512684;cg06314111;cg08005809;cg09042884;cg11839681;cg12252222;cg12603173;cg13462547;cg15910686;cg17804342;cg19637357;cg21386995;cg22435132;cg24371534;cg25357598,cg00293331:FGFR2;cg01338459:NRG1;cg01834979:AGAP2;cg04656889:ERBB2;cg05118976:GCH1;cg05512684:ERBB2;cg06314111:AGAP2;cg08005809:SCRIB;cg09042884:LTBR;cg11839681:MST1R;cg12252222:PRKAR1A;cg12603173:RASGRP2;cg13462547:DOCK9;cg15910686:CARD14;cg17804342:RGS10;cg19637357:EVI5L;cg21386995:TRAF4;cg22435132:BCAS3;cg24371534:ARHGEF16;cg25357598:ECT2,CpGs were mapped to genes using UCSC_RefGene_Name from IlluminaHumanMethylationEPICanno.ilm10b4.hg19; one CpG may map to multiple genes.,Default clusterProfiler::enrichGO background used in the current analysis.,Top 1000 CpGs from the SOLAR supervised importance ranking.,SOLAR supervised importance scores aggregate contributions across the inferred latent factors.
